2.208133,7,12,0,0,0,0,0,1,0,0,0
-0.6390869,8,12,0,0,1,0,0,0,0,0,0
1.293026,5,8,0,0,0,0,0,0,1,0,0
1.434204,6,11,0,0,0,0,0,0,0,0,1
1.124416,5,15,0,0,1,0,0,0,0,0,0
1.02862,10,11,0,0,0,0,1,0,0,0,0
1.380151,9,9,0,0,0,1,0,0,0,0,0
1.849918,6,12,1,0,0,0,0,0,0,0,0
1.351786,6,11,0,0,0,0,1,0,0,0,0
2.176565,6,13,1,0,0,0,0,0,0,0,0
0.9788978,4,10,0,0,0,0,0,0,0,0,1
1.381639,5,11,0,0,0,0,1,0,0,0,0
1.52271,6,12,0,0,0,0,1,0,0,0,0
2.45018,8,10,0,0,0,0,0,1,0,0,0
2.381883,8,11,0,0,0,0,1,0,0,0,0
2.307313,4,14,0,0,1,0,0,0,0,0,0
0.7208267,5,11,0,0,0,0,1,0,0,0,0
-0.0695494,5,10,0,0,0,0,1,0,0,0,0
2.244316,6,12,0,0,0,0,0,0,0,0,1
1.924314,7,13,0,1,0,0,0,0,0,0,0
1.764704,6,12,0,0,0,0,0,1,0,0,0
1.786035,7,11,0,0,0,0,1,0,0,0,0
0.6518986,2,11,0,0,0,1,0,0,0,0,0
1.146991,7,12,0,0,0,0,0,1,0,0,0
1.934358,2,15,0,0,0,0,0,0,1,0,0
2.098068,3,12,0,0,0,0,1,0,0,0,0
1.204926,3,11,0,0,0,0,0,1,0,0,0
2.493109,7,13,1,0,0,0,0,0,0,0,0
1.868714,7,11,0,0,0,0,0,1,0,0,0
2.534697,3,13,0,0,0,0,0,0,1,0,0
1.871322,8,11,0,0,0,1,0,0,0,0,0
1.621686,18,6,0,0,0,0,0,0,0,0,1
1.682546,7,10,0,0,0,0,1,0,0,0,0
2.148761,9,12,0,0,0,1,0,0,0,0,0
2.510423,9,14,0,0,0,0,0,1,0,0,0
2.074398,10,12,1,0,0,0,0,0,0,0,0
1.997862,3,11,0,0,0,0,0,0,1,0,0
1.931699,7,11,0,0,0,0,0,1,0,0,0
1.830059,8,12,0,0,1,0,0,0,0,0,0
-0.236821,2,13,0,0,1,0,0,0,0,0,0
1.450438,3,11,1,0,0,0,0,0,0,0,0
1.782202,8,13,0,0,1,0,0,0,0,0,0
2.220441,6,14,1,0,0,0,0,0,0,0,0
1.700092,8,12,0,0,0,0,0,1,0,0,0
1.589548,3,13,0,0,0,0,0,1,0,0,0
1.419757,6,12,0,0,0,0,0,0,0,0,1
2.406504,9,12,0,0,0,0,1,0,0,0,0
1.398313,11,10,0,0,0,0,0,0,0,0,1
1.554618,6,11,0,0,1,0,0,0,0,0,0
2.23561,9,12,0,0,0,0,0,0,0,0,1
1.406497,4,12,0,0,0,0,1,0,0,0,0
0.2440268,4,12,0,0,0,0,0,1,0,0,0
1.137353,7,12,0,0,0,0,0,0,1,0,0
2.13512,7,10,0,0,0,0,1,0,0,0,0
-0.236821,2,13,0,0,1,0,0,0,0,0,0
1.651838,4,13,0,0,0,0,1,0,0,0,0
2.267193,3,12,0,0,0,0,0,0,1,0,0
2.167533,7,13,1,0,0,0,0,0,0,0,0
1.682546,6,12,0,0,0,0,0,1,0,0,0
1.743171,8,12,0,0,0,0,0,1,0,0,0
1.425922,8,11,0,0,0,0,0,0,1,0,0
1.918003,3,13,0,0,0,0,1,0,0,0,0
1.196187,5,12,0,0,0,0,0,0,0,0,1
2.529844,5,14,0,0,1,0,0,0,0,0,0
1.339993,6,11,0,0,0,0,0,1,0,0,0
1.306252,6,12,0,0,0,0,1,0,0,0,0
2.120264,3,14,1,0,0,0,0,0,0,0,0
1.966439,9,13,0,0,0,0,0,0,1,0,0
2.19379,9,12,0,0,0,0,0,0,1,0,0
1.219387,2,12,0,0,0,0,0,1,0,0,0
2.519084,10,12,0,0,0,0,1,0,0,0,0
2.13567,4,15,1,0,0,0,0,0,0,0,0
0.36179,3,11,0,0,0,0,0,0,1,0,0
1.773293,8,12,0,0,0,0,1,0,0,0,0
1.476225,8,10,0,0,0,1,0,0,0,0,0
1.864868,5,13,0,0,0,0,1,0,0,0,0
1.389742,7,13,0,0,1,0,0,0,0,0,0
2.513867,5,15,1,0,0,0,0,0,0,0,0
2.343945,6,14,0,0,0,0,1,0,0,0,0
2.493477,5,13,1,0,0,0,0,0,0,0,0
1.706928,9,12,0,0,0,0,0,1,0,0,0
2.07727,3,15,1,0,0,0,0,0,0,0,0
1.989663,8,12,0,0,0,0,1,0,0,0,0
2.217754,9,12,0,0,0,0,1,0,0,0,0
1.203973,4,11,0,0,0,0,0,1,0,0,0
1.531898,3,12,0,0,0,1,0,0,0,0,0
1.784046,7,13,0,1,0,0,0,0,0,0,0
1.82145,9,13,0,0,0,0,0,0,0,0,1
1.073506,6,12,0,0,0,0,1,0,0,0,0
1.450833,6,12,0,0,0,0,1,0,0,0,0
0.874741,3,12,0,0,0,0,1,0,0,0,0
2.415984,10,10,0,0,0,0,0,1,0,0,0
2.28951,8,14,0,1,0,0,0,0,0,0,0
1.752539,5,12,1,0,0,0,0,0,0,0,0
1.425922,8,11,0,0,0,0,0,0,1,0,0
1.637118,8,11,0,0,0,1,0,0,0,0,0
2.133687,8,12,0,0,0,0,0,0,0,0,1
1.419569,13,3,0,0,0,0,0,1,0,0,0
1.800329,9,12,0,0,0,0,1,0,0,0,0
1.198259,1,11,0,0,0,0,1,0,0,0,0
1.682546,5,14,0,0,1,0,0,0,0,0,0
1.576951,11,8,0,0,0,0,1,0,0,0,0
2.176932,12,12,0,1,0,0,0,0,0,0,0
1.89726,5,11,0,0,0,0,0,0,1,0,0
-0.2281868,10,12,0,0,0,0,0,1,0,0,0
2.180785,10,12,0,0,0,0,1,0,0,0,0
2.112393,12,12,0,0,0,1,0,0,0,0,0
2.468286,8,12,0,0,0,0,1,0,0,0,0
2.061032,5,11,0,0,0,0,1,0,0,0,0
1.340429,11,12,0,0,0,1,0,0,0,0,0
1.07881,3,11,0,0,0,1,0,0,0,0,0
2.25342,8,12,0,0,0,0,0,0,1,0,0
1.743171,8,12,0,0,0,0,0,1,0,0,0
1.378009,5,10,0,0,0,1,0,0,0,0,0
1.695886,2,14,1,0,0,0,0,0,0,0,0
2.148428,7,11,1,0,0,0,0,0,0,0,0
2.323114,11,12,0,0,0,0,0,1,0,0,0
0.6257378,1,14,1,0,0,0,0,0,0,0,0
1.256319,7,14,0,1,0,0,0,0,0,0,0
1.978185,4,15,1,0,0,0,0,0,0,0,0
1.127573,9,9,0,0,0,0,0,1,0,0,0
1.535135,9,12,0,0,0,0,1,0,0,0,0
2.017083,11,12,0,0,0,1,0,0,0,0,0
2.216986,9,12,0,0,0,1,0,0,0,0,0
2.503426,9,12,0,0,0,0,0,1,0,0,0
2.348657,9,10,0,0,0,0,1,0,0,0,0
1.895961,9,14,0,0,0,1,0,0,0,0,0
1.933386,5,14,1,0,0,0,0,0,0,0,0
2.333663,7,10,0,0,0,1,0,0,0,0,0
1.977312,6,13,0,0,0,0,1,0,0,0,0
0.929984,8,12,0,0,0,0,0,1,0,0,0
1.250571,4,10,0,0,0,0,0,1,0,0,0
1.843193,8,12,0,0,0,0,0,0,0,0,1
1.194742,3,8,0,0,0,0,0,0,0,0,1
2.112393,9,15,0,0,0,1,0,0,0,0,0
2.410871,8,14,0,0,0,0,0,1,0,0,0
1.794139,1,11,0,0,0,0,0,0,0,0,1
2.370103,9,10,0,0,1,0,0,0,0,0,0
2.2641,9,13,0,0,0,1,0,0,0,0,0
1.347074,10,8,0,0,0,0,0,0,0,0,1
1.514647,12,6,0,0,0,0,1,0,0,0,0
1.815667,5,12,0,0,0,0,1,0,0,0,0
2.29909,8,14,1,0,0,0,0,0,0,0,0
1.660872,5,12,0,0,0,0,0,1,0,0,0
2.554348,5,15,1,0,0,0,0,0,0,0,0
1.347074,6,12,0,0,0,0,0,1,0,0,0
1.861079,11,12,0,0,0,0,0,0,1,0,0
2.35569,8,12,0,0,0,0,1,0,0,0,0
1.247925,6,9,1,0,0,0,0,0,0,0,0
1.517771,8,12,0,0,0,0,0,0,1,0,0
2.074398,10,12,1,0,0,0,0,0,0,0,0
1.330724,6,12,0,0,0,0,0,0,0,0,1
2.111954,8,13,1,0,0,0,0,0,0,0,0
2.160507,4,14,0,0,1,0,0,0,0,0,0
1.671143,2,12,0,0,0,0,0,1,0,0,0
1.178336,1,12,0,0,0,0,0,1,0,0,0
2.331942,7,14,0,0,0,1,0,0,0,0,0
2.033576,8,12,0,0,0,0,1,0,0,0,0
1.273485,8,9,0,0,0,0,1,0,0,0,0
1.554713,3,15,0,0,0,0,0,1,0,0,0
2.019397,8,12,0,1,0,0,0,0,0,0,0
1.570217,5,12,0,0,0,0,1,0,0,0,0
2.545115,8,13,1,0,0,0,0,0,0,0,0
1.531898,3,12,0,0,0,1,0,0,0,0,0
1.822239,9,14,1,0,0,0,0,0,0,0,0
1.432757,9,12,0,0,0,0,1,0,0,0,0
2.290006,3,11,0,0,0,1,0,0,0,0,0
2.028579,4,11,0,0,0,0,0,0,1,0,0
1.843193,5,12,0,0,0,0,0,1,0,0,0
1.646462,5,10,0,0,0,0,0,0,1,0,0
1.873217,7,12,0,0,0,0,0,1,0,0,0
1.474907,13,8,0,0,0,0,1,0,0,0,0
1.356192,3,10,0,0,0,0,0,0,0,0,1
2.148761,9,13,0,0,0,1,0,0,0,0,0
1.871322,7,11,0,0,0,0,0,1,0,0,0
2.13425,3,13,0,0,0,1,0,0,0,0,0
1.529703,5,12,0,0,0,0,0,1,0,0,0
1.557002,4,11,0,0,0,0,1,0,0,0,0
1.196251,3,12,0,0,0,1,0,0,0,0,0
1.579274,7,12,0,0,0,0,1,0,0,0,0
1.991295,4,12,0,0,0,0,0,0,1,0,0
1.295228,8,12,0,0,0,0,0,0,0,0,1
1.412319,8,9,0,0,0,0,0,0,1,0,0
1.689481,5,8,0,0,0,0,1,0,0,0,0
0.8233793,9,12,1,0,0,0,0,0,0,0,0
1.992714,7,12,0,0,0,0,1,0,0,0,0
2.348657,9,10,0,0,0,0,1,0,0,0,0
1.834268,9,12,0,1,0,0,0,0,0,0,0
2.125407,8,15,1,0,0,0,0,0,0,0,0
1.471159,3,12,0,0,0,0,0,1,0,0,0
1.214584,5,9,0,0,0,0,1,0,0,0,0
1.875813,2,12,0,0,0,0,0,1,0,0,0
1.760996,11,12,0,0,0,0,1,0,0,0,0
1.882872,9,10,1,0,0,0,0,0,0,0,0
0.9177726,5,10,0,0,0,0,1,0,0,0,0
2.127763,8,13,0,1,0,0,0,0,0,0,0
1.660805,7,12,0,0,0,0,0,1,0,0,0
0.8383898,5,12,0,0,0,0,0,0,0,0,1
1.765962,10,12,0,0,0,0,0,0,0,0,1
1.261551,3,13,0,0,0,0,1,0,0,0,0
-0.4054651,4,9,0,0,0,0,0,0,1,0,0
1.843193,7,10,0,0,0,0,1,0,0,0,0
1.350717,9,9,1,0,0,0,0,0,0,0,0
1.73619,4,14,1,0,0,0,0,0,0,0,0
1.557643,2,11,0,0,0,0,1,0,0,0,0
1.213422,10,11,0,0,0,0,0,1,0,0,0
1.294198,4,14,0,1,0,0,0,0,0,0,0
2.635775,7,14,0,0,0,1,0,0,0,0,0
1.478807,11,12,0,0,0,0,0,0,1,0,0
2.774627,9,13,0,1,0,0,0,0,0,0,0
1.115516,5,12,0,0,0,0,0,1,0,0,0
1.301463,9,10,0,0,1,0,0,0,0,0,0
1.723421,9,12,0,0,0,0,1,0,0,0,0
1.716042,8,11,0,0,0,0,1,0,0,0,0
1.992973,6,9,0,0,0,0,0,1,0,0,0
1.380348,5,12,0,0,0,0,0,1,0,0,0
1.843053,3,11,0,0,0,1,0,0,0,0,0
0.5909377,4,11,1,0,0,0,0,0,0,0,0
2.369424,7,12,0,0,0,0,1,0,0,0,0
2.085448,9,12,0,0,0,0,0,1,0,0,0
1.437728,7,12,0,0,0,0,0,1,0,0,0
2.001,6,15,0,0,0,1,0,0,0,0,0
1.288773,5,12,0,0,0,0,1,0,0,0,0
1.415166,3,11,0,0,0,0,0,1,0,0,0
1.039099,10,11,0,0,0,0,1,0,0,0,0
0.8871204,6,15,0,0,0,0,0,0,0,0,1
1.578366,8,12,0,1,0,0,0,0,0,0,0
2.000533,5,11,0,0,0,0,0,1,0,0,0
2.201489,3,12,0,0,0,0,1,0,0,0,0
2.050271,5,13,0,0,0,0,0,0,0,0,1
1.991017,8,11,0,1,0,0,0,0,0,0,0
1.596362,9,12,0,0,0,0,0,0,0,0,1
0.0304592,3,10,0,0,0,0,0,1,0,0,0
1.562236,9,11,0,0,0,0,0,1,0,0,0
2.134839,6,12,0,1,0,0,0,0,0,0,0
1.592994,6,12,0,0,1,0,0,0,0,0,0
1.794139,1,11,0,0,0,0,0,0,0,0,1
1.111386,14,6,1,0,0,0,0,0,0,0,0
1.543262,7,12,0,0,1,0,0,0,0,0,0
2.079198,7,12,0,0,1,0,0,0,0,0,0
2.19799,4,13,0,0,0,1,0,0,0,0,0
1.641958,10,12,0,0,0,0,0,1,0,0,0
1.179678,7,11,0,0,0,0,0,1,0,0,0
1.539057,6,12,0,0,1,0,0,0,0,0,0
2.319288,8,15,0,0,1,0,0,0,0,0,0
1.872825,5,12,0,0,0,1,0,0,0,0,0
2.262211,5,11,0,0,0,0,0,1,0,0,0
1.517771,5,13,0,0,1,0,0,0,0,0,0
1.887124,1,12,0,0,0,0,1,0,0,0,0
2.040754,5,9,0,0,0,0,1,0,0,0,0
2.14747,5,11,1,0,0,0,0,0,0,0,0
0.9726263,2,13,0,1,0,0,0,0,0,0,0
2.348602,3,13,0,0,0,0,0,1,0,0,0
1.044562,5,14,0,0,0,0,0,0,1,0,0
1.517895,6,11,0,0,0,0,1,0,0,0,0
2.436318,7,11,0,0,0,0,0,1,0,0,0
2.372097,8,12,0,0,0,0,0,1,0,0,0
1.44396,11,11,0,0,0,0,0,1,0,0,0
1.817077,4,12,0,0,0,0,0,0,1,0,0
1.195068,6,11,0,0,0,0,0,1,0,0,0
2.153105,6,11,0,0,0,0,1,0,0,0,0
1.557069,12,9,0,0,0,0,1,0,0,0,0
1.542029,2,12,0,1,0,0,0,0,0,0,0
1.78303,8,13,0,1,0,0,0,0,0,0,0
1.529395,3,10,0,0,0,0,1,0,0,0,0
1.740366,7,11,0,0,0,0,0,1,0,0,0
2.130743,10,12,0,0,0,0,1,0,0,0,0
1.150046,5,12,0,0,0,0,0,1,0,0,0
1.366002,10,12,0,0,0,1,0,0,0,0,0
1.408867,4,12,0,0,0,1,0,0,0,0,0
1.892585,8,13,0,0,0,0,1,0,0,0,0
2.641701,5,14,0,0,1,0,0,0,0,0,0
1.170441,4,12,0,0,0,0,0,1,0,0,0
1.864072,4,15,0,0,1,0,0,0,0,0,0
2.058228,4,14,0,0,0,0,0,1,0,0,0
1.224947,7,12,0,0,0,0,0,0,1,0,0
1.425035,10,11,0,0,0,0,0,1,0,0,0
1.820029,8,12,0,0,0,0,0,0,0,0,1
1.276145,10,14,0,0,0,0,0,1,0,0,0
2.140562,5,12,0,0,0,1,0,0,0,0,0
1.247925,6,9,1,0,0,0,0,0,0,0,0
1.506269,3,10,0,0,0,0,0,0,0,0,1
1.324886,5,12,0,0,0,0,0,0,0,0,1
1.671143,2,12,0,0,0,0,0,1,0,0,0
2.149836,11,12,0,0,0,0,0,0,1,0,0
2.035287,8,11,0,0,0,1,0,0,0,0,0
1.675361,6,14,0,0,0,1,0,0,0,0,0
1.572385,10,13,0,0,0,0,0,0,1,0,0
1.975562,9,10,0,0,0,0,0,1,0,0,0
1.785477,3,12,0,0,0,0,1,0,0,0,0
1.771957,3,15,1,0,0,0,0,0,0,0,0
2.577757,9,13,1,0,0,0,0,0,0,0,0
1.699294,3,12,0,0,0,0,0,1,0,0,0
1.99951,5,12,0,0,0,0,1,0,0,0,0
2.127964,2,14,0,0,0,0,0,0,1,0,0
2.359059,2,12,0,0,0,0,1,0,0,0,0
0.7217662,4,11,0,0,0,1,0,0,0,0,0
1.541165,3,12,0,0,0,1,0,0,0,0,0
1.861079,14,6,0,0,0,0,1,0,0,0,0
0.8383898,5,12,0,0,0,0,0,0,0,0,1
1.53069,7,12,0,1,0,0,0,0,0,0,0
2.040541,8,12,0,1,0,0,0,0,0,0,0
1.77767,7,12,0,0,0,1,0,0,0,0,0
1.204113,5,12,0,0,0,0,0,1,0,0,0
2.366843,4,12,0,0,0,1,0,0,0,0,0
1.255266,2,11,0,0,0,1,0,0,0,0,0
2.089011,5,12,1,0,0,0,0,0,0,0,0
1.987774,5,15,0,0,1,0,0,0,0,0,0
1.37965,9,12,0,0,0,0,1,0,0,0,0
0.7654077,4,11,0,0,0,0,0,0,0,0,1
1.851255,10,12,0,0,0,0,0,1,0,0,0
1.919158,6,13,0,1,0,0,0,0,0,0,0
1.451411,2,12,0,0,0,0,0,1,0,0,0
1.216045,6,12,0,0,0,0,1,0,0,0,0
1.88745,8,12,0,0,1,0,0,0,0,0,0
0.9640814,4,11,0,0,0,0,0,1,0,0,0
1.58364,7,11,0,0,0,0,0,0,0,0,1
1.772909,8,12,0,0,0,0,1,0,0,0,0
1.289394,1,11,0,0,0,0,0,0,1,0,0
2.189984,8,14,0,0,1,0,0,0,0,0,0
1.522143,7,12,0,0,0,0,1,0,0,0,0
2.201329,6,12,0,0,0,0,0,1,0,0,0
1.364316,3,14,0,0,0,0,0,0,0,0,1
1.833582,7,11,0,0,0,0,1,0,0,0,0
2.080082,10,12,0,0,0,0,1,0,0,0,0
2.207794,10,12,0,0,0,0,0,0,0,0,1
0.984668,5,12,0,0,0,1,0,0,0,0,0
1.028316,3,11,0,0,0,0,0,0,0,0,1
1.557979,10,9,0,0,0,0,1,0,0,0,0
1.680525,1,12,0,0,0,1,0,0,0,0,0
1.435686,9,12,0,0,0,0,0,1,0,0,0
2.313064,10,11,0,0,0,0,0,1,0,0,0
1.727523,8,11,0,0,0,0,0,0,0,0,1
2.053914,7,12,0,0,0,0,0,1,0,0,0
1.572434,5,12,0,0,0,0,0,0,1,0,0
1.434674,11,9,0,0,0,0,1,0,0,0,0
1.722682,9,12,0,0,0,0,0,1,0,0,0
1.119496,5,8,0,0,0,0,1,0,0,0,0
1.632911,7,11,0,0,0,0,0,0,1,0,0
1.765962,10,10,0,0,0,0,1,0,0,0,0
1.890843,6,12,0,0,0,0,1,0,0,0,0
1.078989,3,12,0,0,1,0,0,0,0,0,0
1.603924,10,12,0,1,0,0,0,0,0,0,0
2.001267,10,11,0,0,0,0,0,1,0,0,0
2.519084,10,12,0,0,0,0,1,0,0,0,0
1.819571,7,11,1,0,0,0,0,0,0,0,0
2.14812,9,10,0,0,0,1,0,0,0,0,0
1.78303,8,13,0,1,0,0,0,0,0,0,0
1.522818,5,12,0,0,0,1,0,0,0,0,0
1.091682,6,12,0,0,0,0,1,0,0,0,0
2.323114,11,12,0,0,0,0,0,1,0,0,0
1.690503,4,13,0,0,0,0,1,0,0,0,0
1.646478,9,12,0,1,0,0,0,0,0,0,0
1.688991,11,12,0,0,0,0,0,1,0,0,0
2.368725,8,10,0,0,0,0,0,1,0,0,0
2.143557,8,13,0,0,0,1,0,0,0,0,0
1.228378,6,12,0,0,0,0,0,0,0,1,0
1.822662,4,14,1,0,0,0,0,0,0,0,0
1.861753,9,8,0,0,0,0,1,0,0,0,0
1.505544,6,14,1,0,0,0,0,0,0,0,0
1.583339,3,15,0,1,0,0,0,0,0,0,0
1.296785,5,12,0,0,0,0,0,0,1,0,0
1.660872,5,12,0,0,0,0,0,1,0,0,0
2.232078,7,11,0,0,0,1,0,0,0,0,0
1.745894,11,10,0,0,0,0,1,0,0,0,0
1.469597,13,6,0,0,0,0,0,0,0,0,1
2.001567,4,12,0,0,0,0,0,1,0,0,0
2.515679,6,13,0,0,0,0,0,0,1,0,0
1.437728,12,7,0,0,0,0,0,0,1,0,0
1.362458,10,12,0,0,0,1,0,0,0,0,0
1.5435,9,13,1,0,0,0,0,0,0,0,0
1.638513,4,11,0,0,0,0,0,0,0,0,1
1.656602,7,12,0,0,0,0,1,0,0,0,0
1.765962,8,10,0,1,0,0,0,0,0,0,0
1.150046,6,11,0,0,0,0,0,1,0,0,0
1.356736,3,12,0,0,0,0,1,0,0,0,0
1.220673,6,12,0,0,0,0,0,0,0,0,1
1.97287,9,12,0,0,0,0,1,0,0,0,0
2.206275,8,12,0,0,0,0,1,0,0,0,0
2.280909,3,11,0,0,0,0,0,1,0,0,0
2.170552,5,12,0,1,0,0,0,0,0,0,0
1.978628,3,12,0,1,0,0,0,0,0,0,0
2.128834,6,11,1,0,0,0,0,0,0,0,0
0.9843019,8,12,0,0,0,0,0,0,0,0,1
1.437728,8,12,0,0,0,1,0,0,0,0,0
1.86106,6,12,0,0,0,0,0,1,0,0,0
1.471961,8,12,0,0,0,0,0,0,0,0,1
1.637382,2,13,0,0,0,1,0,0,0,0,0
1.543262,7,12,0,0,1,0,0,0,0,0,0
1.589628,11,8,0,0,0,0,0,0,0,0,1
2.130121,7,15,0,0,1,0,0,0,0,0,0
1.887379,8,10,0,0,0,0,1,0,0,0,0
1.432799,8,13,0,1,0,0,0,0,0,0,0
2.417905,10,12,1,0,0,0,0,0,0,0,0
1.401281,7,10,1,0,0,0,0,0,0,0,0
2.023874,5,12,0,0,0,0,0,1,0,0,0
1.599298,10,12,0,0,0,1,0,0,0,0,0
1.586764,7,12,0,0,1,0,0,0,0,0,0
1.224856,7,6,0,0,0,0,1,0,0,0,0
1.544433,9,8,0,0,0,0,1,0,0,0,0
2.414448,7,15,1,0,0,0,0,0,0,0,0
1.273736,7,10,0,0,0,1,0,0,0,0,0
0.6998573,3,11,0,0,0,0,1,0,0,0,0
1.168766,4,11,0,0,0,0,0,1,0,0,0
1.474291,12,9,0,0,0,0,0,1,0,0,0
1.690503,4,13,0,0,0,0,1,0,0,0,0
1.370306,9,12,0,0,0,0,0,1,0,0,0
1.515037,10,12,0,0,0,0,0,0,0,0,1
3.229487,5,15,0,1,0,0,0,0,0,0,0
1.288348,8,15,0,1,0,0,0,0,0,0,0
1.531362,3,12,0,0,0,0,0,0,0,0,1
2.551577,10,13,0,0,0,0,1,0,0,0,0
1.660278,3,15,1,0,0,0,0,0,0,0,0
1.192793,9,8,0,0,0,0,0,1,0,0,0
2.346576,9,12,0,0,0,0,1,0,0,0,0
1.41241,7,12,0,0,0,1,0,0,0,0,0
1.129546,3,11,0,0,0,0,0,0,1,0,0
1.504466,8,12,0,0,0,0,0,0,1,0,0
2.139192,11,12,0,0,0,0,0,1,0,0,0
2.223894,9,12,0,0,0,0,0,1,0,0,0
2.179983,5,12,1,0,0,0,0,0,0,0,0
1.727465,3,14,0,0,0,1,0,0,0,0,0
1.450801,6,12,0,0,0,1,0,0,0,0,0
0.9640814,4,11,0,0,0,0,0,1,0,0,0
1.509673,3,12,0,0,0,0,0,1,0,0,0
1.833003,5,13,0,0,1,0,0,0,0,0,0
2.414448,7,15,1,0,0,0,0,0,0,0,0
2.189984,8,14,0,0,1,0,0,0,0,0,0
1.223409,4,10,0,0,0,0,0,0,1,0,0
2.342639,8,14,1,0,0,0,0,0,0,0,0
1.524607,10,11,0,0,0,0,0,0,1,0,0
1.918966,3,14,1,0,0,0,0,0,0,0,0
1.289858,6,12,0,0,0,0,0,1,0,0,0
2.182702,10,13,0,1,0,0,0,0,0,0,0
1.529671,15,8,0,0,0,0,0,1,0,0,0
2.098068,3,12,0,0,0,0,1,0,0,0,0
1.609438,3,13,0,0,0,0,1,0,0,0,0
1.871046,4,12,0,0,0,1,0,0,0,0,0
1.966439,9,13,0,0,0,0,0,0,1,0,0
1.67895,7,11,0,1,0,0,0,0,0,0,0
1.533066,6,12,0,0,0,0,1,0,0,0,0
1.144321,6,13,0,0,0,0,1,0,0,0,0
1.381506,13,9,0,0,0,0,0,0,1,0,0
1.871322,9,12,0,0,0,0,0,0,0,0,1
2.381883,8,11,0,0,0,0,1,0,0,0,0
0.7409378,10,11,0,0,0,0,0,0,1,0,0
0.9234912,6,8,0,0,0,1,0,0,0,0,0
-0.3690777,5,12,0,0,0,0,0,0,1,0,0
1.494379,4,9,0,0,0,0,0,1,0,0,0
1.058482,6,12,0,1,0,0,0,0,0,0,0
1.162724,6,9,0,0,0,0,0,1,0,0,0
1.256109,1,11,0,0,0,0,1,0,0,0,0
2.160469,8,11,0,1,0,0,0,0,0,0,0
1.401319,10,12,0,0,0,1,0,0,0,0,0
1.851255,8,12,0,0,0,0,0,1,0,0,0
0.546165,2,15,0,0,0,0,0,0,0,0,1
1.862029,5,12,0,0,0,0,1,0,0,0,0
0.7317799,6,12,0,0,0,0,0,0,0,0,1
2.577757,9,12,0,0,0,0,1,0,0,0,0
1.870673,9,12,1,0,0,0,0,0,0,0,0
2.225134,12,12,1,0,0,0,0,0,0,0,0
1.975682,5,12,0,0,1,0,0,0,0,0,0
1.884245,7,14,0,0,1,0,0,0,0,0,0
1.48566,7,13,1,0,0,0,0,0,0,0,0
1.900459,3,12,0,0,0,0,0,1,0,0,0
1.18368,13,9,0,0,0,0,0,1,0,0,0
-0.2281868,10,12,0,0,0,0,0,1,0,0,0
1.627619,4,10,0,0,0,1,0,0,0,0,0
1.952073,7,12,0,0,0,0,0,1,0,0,0
2.304466,7,12,0,0,0,0,1,0,0,0,0
1.492503,7,11,0,1,0,0,0,0,0,0,0
1.413946,4,11,1,0,0,0,0,0,0,0,0
2.42945,9,14,1,0,0,0,0,0,0,0,0
2.043401,10,12,0,0,0,0,1,0,0,0,0
1.829711,4,12,0,0,0,1,0,0,0,0,0
2.184014,8,12,0,0,1,0,0,0,0,0,0
1.562236,9,11,0,0,0,0,0,1,0,0,0
1.69793,8,11,0,0,0,1,0,0,0,0,0
1.973895,3,14,0,0,0,1,0,0,0,0,0
1.176473,3,12,0,0,0,0,0,1,0,0,0
1.365904,4,12,0,0,0,0,0,0,0,0,1
1.358387,3,10,0,0,0,0,0,0,1,0,0
1.332203,13,8,0,0,0,0,0,0,0,1,0
1.939658,11,11,0,0,0,0,0,1,0,0,0
2.023542,4,12,0,0,0,0,0,1,0,0,0
1.483992,5,12,0,0,0,1,0,0,0,0,0
1.142765,6,12,0,0,0,0,0,0,0,0,1
1.910225,6,12,0,0,0,1,0,0,0,0,0
2.040221,3,15,0,0,0,0,0,0,0,0,1
1.437212,5,11,0,0,0,1,0,0,0,0,0
1.961317,4,12,0,0,0,0,0,0,0,0,1
1.970533,6,12,0,0,0,0,1,0,0,0,0
1.196251,3,12,0,0,0,1,0,0,0,0,0
0.4112994,2,10,0,0,0,0,0,1,0,0,0
1.824611,3,12,0,0,0,1,0,0,0,0,0
1.185104,3,15,1,0,0,0,0,0,0,0,0
1.509296,6,12,0,0,0,0,1,0,0,0,0
1.235464,7,8,0,0,0,0,0,0,1,0,0
2.040221,6,12,0,1,0,0,0,0,0,0,0
1.926,5,13,0,0,0,1,0,0,0,0,0
2.074398,10,12,1,0,0,0,0,0,0,0,0
1.150046,6,11,0,0,0,0,0,1,0,0,0
1.463786,5,14,0,0,0,0,1,0,0,0,0
2.631413,8,15,0,0,1,0,0,0,0,0,0
1.71465,12,12,0,0,0,0,1,0,0,0,0
2.401951,7,13,0,0,1,0,0,0,0,0,0
1.667544,2,15,1,0,0,0,0,0,0,0,0
1.512975,10,6,0,0,0,0,1,0,0,0,0
1.948554,7,12,0,0,0,0,0,1,0,0,0
2.623219,8,13,1,0,0,0,0,0,0,0,0
0.0924941,6,12,1,0,0,0,0,0,0,0,0
2.13425,3,13,0,0,0,1,0,0,0,0,0
1.251763,8,11,0,0,0,0,1,0,0,0,0
1.703229,2,12,0,0,0,0,0,1,0,0,0
1.61283,6,12,0,0,0,0,0,1,0,0,0
1.975124,6,12,0,0,0,1,0,0,0,0,0
1.871322,8,11,0,0,0,1,0,0,0,0,0
1.367037,6,8,0,0,0,0,0,1,0,0,0
1.871322,7,12,0,0,0,0,0,1,0,0,0
1.6329,3,12,0,0,0,1,0,0,0,0,0
1.695105,4,13,0,0,0,0,0,0,0,0,1
1.465272,5,12,0,0,0,0,0,0,1,0,0
1.33685,3,9,0,0,0,0,0,1,0,0,0
1.693307,9,11,1,0,0,0,0,0,0,0,0
1.697856,8,14,0,1,0,0,0,0,0,0,0
2.109822,8,11,0,0,0,0,1,0,0,0,0
2.57718,11,12,0,0,0,0,1,0,0,0,0
2.343945,9,12,0,0,0,0,0,0,0,0,1
2.390996,4,14,0,0,0,1,0,0,0,0,0
1.586091,5,12,0,0,1,0,0,0,0,0,0
1.37965,9,12,0,0,0,0,1,0,0,0,0
2.125407,8,15,1,0,0,0,0,0,0,0,0
1.258758,5,11,0,0,0,0,0,1,0,0,0
2.238492,9,13,1,0,0,0,0,0,0,0,0
2.120264,3,14,1,0,0,0,0,0,0,0,0
1.271414,3,12,0,0,0,0,0,1,0,0,0
1.015656,6,11,0,0,0,1,0,0,0,0,0
2.132336,7,12,0,0,0,0,1,0,0,0,0
1.991017,8,12,0,0,0,0,1,0,0,0,0
2.826184,10,13,0,1,0,0,0,0,0,0,0
1.684623,12,7,0,0,0,0,0,1,0,0,0
1.069442,6,10,0,0,0,0,1,0,0,0,0
1.732548,12,6,0,0,0,0,0,0,0,0,1
1.060369,8,8,0,0,0,0,0,0,1,0,0
1.330724,6,12,0,0,0,0,0,0,0,0,1
1.862113,5,10,0,0,0,1,0,0,0,0,0
1.810698,7,11,0,0,0,0,1,0,0,0,0
1.251297,11,9,0,1,0,0,0,0,0,0,0
2.202487,11,12,0,0,0,0,0,0,0,0,1
-0.0695494,5,10,0,0,0,0,1,0,0,0,0
1.975682,5,12,0,0,1,0,0,0,0,0,0
1.251763,12,8,0,0,0,0,0,0,1,0,0
1.02862,6,11,0,1,0,0,0,0,0,0,0
1.845683,2,12,0,0,0,0,1,0,0,0,0
1.843193,4,13,0,0,0,0,0,0,0,0,1
1.419569,13,3,0,0,0,0,0,1,0,0,0
2.074398,8,12,0,0,0,0,1,0,0,0,0
0.5823878,10,12,0,0,0,0,0,0,0,0,1
2.130875,5,11,0,0,0,0,1,0,0,0,0
2.475539,8,12,0,0,0,1,0,0,0,0,0
1.555511,5,11,0,0,0,0,0,0,0,0,1
1.178336,1,12,0,0,0,0,0,0,0,0,1
1.464256,5,12,0,0,0,0,0,0,0,1,0
1.570719,4,11,0,0,0,0,0,1,0,0,0
2.06894,4,14,0,0,0,0,1,0,0,0,0
2.023339,7,12,0,1,0,0,0,0,0,0,0
1.5262,5,11,0,0,0,0,0,0,0,0,1
1.183354,4,8,0,0,0,0,0,0,0,0,1
2.132865,2,15,1,0,0,0,0,0,0,0,0
1.340429,8,12,0,0,0,0,0,0,1,0,0
2.113619,8,12,0,0,0,0,0,0,1,0,0
1.50658,6,12,0,0,0,0,0,1,0,0,0
1.661634,10,12,0,0,0,0,1,0,0,0,0
1.628366,9,10,0,0,0,0,1,0,0,0,0
2.055537,4,16,0,0,0,0,0,1,0,0,0
1.388474,9,11,0,0,0,0,1,0,0,0,0
1.975682,5,12,0,0,1,0,0,0,0,0,0
1.601716,4,12,0,0,0,0,0,1,0,0,0
1.02822,7,10,0,0,0,0,0,0,1,0,0
1.443453,4,13,0,0,1,0,0,0,0,0,0
0.984668,5,12,0,0,0,1,0,0,0,0,0
0.9726263,2,13,0,1,0,0,0,0,0,0,0
0.4397843,5,13,0,0,1,0,0,0,0,0,0
1.860551,2,13,0,0,0,0,0,1,0,0,0
1.58085,5,11,0,0,0,0,1,0,0,0,0
1.948571,9,11,0,0,0,0,1,0,0,0,0
1.880416,5,12,0,0,0,0,0,1,0,0,0
1.457437,8,11,0,0,0,0,0,0,0,0,1
1.020156,5,13,0,0,0,0,1,0,0,0,0
1.661634,10,12,0,0,0,0,1,0,0,0,0
1.693661,5,12,0,0,0,1,0,0,0,0,0
1.130545,2,14,0,0,0,1,0,0,0,0,0
1.007828,6,12,0,0,0,0,0,0,0,1,0
1.601324,7,12,0,1,0,0,0,0,0,0,0
1.934756,7,8,0,0,0,0,0,1,0,0,0
1.894471,4,12,0,0,0,0,0,0,0,0,1
1.52393,5,11,0,0,0,1,0,0,0,0,0
1.524607,9,12,0,0,0,0,1,0,0,0,0
2.242162,9,12,1,0,0,0,0,0,0,0,0
2.3618,2,12,0,0,0,0,0,1,0,0,0
2.410871,8,12,0,0,0,0,1,0,0,0,0
2.023339,7,12,0,1,0,0,0,0,0,0,0
1.192793,9,8,0,0,0,0,0,1,0,0,0
1.066363,9,11,0,1,0,0,0,0,0,0,0
1.816002,6,11,0,0,0,0,0,1,0,0,0
1.892331,9,13,1,0,0,0,0,0,0,0,0
1.044562,5,14,0,0,0,0,0,0,1,0,0
1.129472,10,11,0,0,0,0,1,0,0,0,0
2.448189,4,13,0,0,0,0,0,0,1,0,0
1.700352,4,11,0,0,0,0,0,0,0,1,0
1.474907,13,8,0,0,0,0,0,0,0,0,1
2.113619,10,12,0,0,0,0,0,1,0,0,0
1.683546,3,11,0,0,0,0,1,0,0,0,0
1.531362,3,12,0,0,0,0,0,0,0,0,1
2.396051,7,13,1,0,0,0,0,0,0,0,0
1.542818,8,12,0,0,0,0,0,1,0,0,0
1.517771,5,13,0,0,1,0,0,0,0,0,0
2.25342,8,12,0,0,0,0,0,0,1,0,0
1.514313,11,12,0,0,0,0,1,0,0,0,0
1.765962,7,10,0,0,0,0,0,1,0,0,0
1.440793,5,12,0,1,0,0,0,0,0,0,0
1.87631,7,15,0,0,0,0,0,0,0,0,1
1.162093,7,9,0,0,0,0,0,0,1,0,0
1.602793,10,12,0,0,1,0,0,0,0,0,0
2.155585,9,13,0,0,1,0,0,0,0,0,0
1.847849,4,13,1,0,0,0,0,0,0,0,0
2.171697,8,12,0,0,0,0,1,0,0,0,0
1.244216,4,11,0,0,0,1,0,0,0,0,0
0.9741553,5,10,0,0,0,0,0,0,0,0,1
1.640533,6,13,1,0,0,0,0,0,0,0,0
1.131652,2,12,0,0,0,0,1,0,0,0,0
1.570217,6,12,0,0,0,0,1,0,0,0,0
2.072186,6,12,0,0,0,0,0,1,0,0,0
1.772159,6,12,0,0,0,1,0,0,0,0,0
1.760996,12,12,0,0,0,0,0,1,0,0,0
1.667773,3,14,0,1,0,0,0,0,0,0,0
1.447708,7,12,0,0,0,0,0,1,0,0,0
1.478612,14,6,0,0,0,0,0,0,0,0,1
1.928381,8,12,0,0,0,0,1,0,0,0,0
1.6329,3,12,0,0,0,1,0,0,0,0,0
1.173516,6,11,0,0,0,0,0,1,0,0,0
2.040221,3,15,0,0,0,0,0,0,0,0,1
1.352305,10,9,0,0,0,0,0,0,0,0,1
1.03413,6,10,0,0,0,0,0,0,0,0,1
1.936413,8,11,1,0,0,0,0,0,0,0,0
0.9842217,5,12,0,0,0,0,0,0,0,0,1
1.408414,2,11,0,0,0,1,0,0,0,0,0
2.189776,9,12,0,0,0,0,0,1,0,0,0
2.058709,9,15,0,0,0,0,0,0,1,0,0
0.9973562,4,12,0,0,0,0,0,0,0,0,1
1.188017,5,12,0,0,0,0,0,0,0,0,1
1.827728,6,10,0,0,0,0,0,0,0,0,1
1.85985,9,12,0,0,0,0,1,0,0,0,0
1.859402,4,12,0,0,0,0,0,1,0,0,0
1.677556,14,10,1,0,0,0,0,0,0,0,0
2.101275,6,13,1,0,0,0,0,0,0,0,0
1.199618,10,12,1,0,0,0,0,0,0,0,0
1.180582,8,14,0,1,0,0,0,0,0,0,0
2.356251,5,14,0,0,0,1,0,0,0,0,0
1.604649,10,12,1,0,0,0,0,0,0,0,0
1.357124,6,12,0,1,0,0,0,0,0,0,0
1.418341,5,10,0,0,0,0,0,0,1,0,0
2.046675,8,13,0,0,0,1,0,0,0,0,0
0.8535585,1,11,1,0,0,0,0,0,0,0,0
2.210918,5,12,0,0,0,1,0,0,0,0,0
1.366405,10,10,0,0,0,0,0,0,0,0,1
1.933748,12,12,0,0,0,0,0,0,0,0,1
2.966106,7,15,1,0,0,0,0,0,0,0,0
1.68208,10,12,0,0,0,0,0,1,0,0,0
2.102528,5,12,0,0,0,0,1,0,0,0,0
1.420649,7,12,0,0,0,1,0,0,0,0,0
1.349577,7,12,0,0,0,0,0,1,0,0,0
1.398005,5,11,0,0,0,0,1,0,0,0,0
1.549015,6,11,0,0,0,0,0,0,0,0,1
1.442384,6,12,0,0,0,0,1,0,0,0,0
2.65211,6,14,0,0,1,0,0,0,0,0,0
1.339337,5,10,0,0,0,0,0,0,1,0,0
1.992714,7,12,0,0,0,0,1,0,0,0,0
1.736065,8,11,1,0,0,0,0,0,0,0,0
1.770781,10,12,0,0,0,0,1,0,0,0,0
1.707803,18,3,0,0,0,0,0,1,0,0,0
2.506181,8,12,0,1,0,0,0,0,0,0,0
1.845065,7,12,0,1,0,0,0,0,0,0,0
1.682178,8,12,0,0,0,0,0,0,0,1,0
1.357124,6,12,0,1,0,0,0,0,0,0,0
1.116144,5,12,0,0,1,0,0,0,0,0,0
2.241297,6,13,0,0,0,0,0,0,1,0,0
2.166461,8,11,0,0,0,1,0,0,0,0,0
1.803861,15,7,0,0,0,0,1,0,0,0,0
1.420731,1,16,0,0,0,0,0,0,0,0,1
2.267007,5,15,1,0,0,0,0,0,0,0,0
1.907599,11,10,0,0,0,0,1,0,0,0,0
1.562143,2,12,0,0,0,0,0,0,0,1,0
2.250544,12,8,1,0,0,0,0,0,0,0,0
1.999408,13,6,0,0,0,0,1,0,0,0,0
1.704527,9,12,0,0,1,0,0,0,0,0,0
1.976683,8,12,0,0,0,0,0,1,0,0,0
1.583854,11,12,0,0,0,0,1,0,0,0,0
1.510857,3,12,0,0,0,0,0,1,0,0,0
1.925883,5,12,0,0,0,0,1,0,0,0,0
1.521122,6,10,0,0,0,0,0,0,0,0,1
2.589254,7,8,0,0,0,0,1,0,0,0,0
1.844167,5,11,0,0,0,1,0,0,0,0,0
1.380348,5,12,0,0,0,0,0,1,0,0,0
2.210918,8,12,0,0,0,0,0,0,0,0,1
1.307853,6,12,0,0,0,0,1,0,0,0,0
1.259204,13,5,0,0,0,0,1,0,0,0,0
1.880372,8,12,0,0,0,0,0,1,0,0,0
2.114796,7,13,0,0,0,0,1,0,0,0,0
1.433596,8,8,0,0,0,0,0,0,1,0,0
1.591879,8,9,0,0,0,0,1,0,0,0,0
1.209656,3,11,0,0,0,0,0,1,0,0,0
2.108424,8,11,0,0,0,0,1,0,0,0,0
1.872825,5,12,0,0,0,1,0,0,0,0,0
1.966232,8,12,0,0,0,0,1,0,0,0,0
1.585143,5,14,0,1,0,0,0,0,0,0,0
1.163599,5,12,0,0,1,0,0,0,0,0,0
1.255406,8,8,0,0,0,0,1,0,0,0,0
2.623219,8,13,1,0,0,0,0,0,0,0,0
1.834268,9,12,0,1,0,0,0,0,0,0,0
1.762589,9,12,0,0,0,1,0,0,0,0,0
1.873217,7,12,0,0,0,0,0,1,0,0,0
1.255406,7,13,0,0,1,0,0,0,0,0,0
1.440416,3,11,0,0,0,0,0,1,0,0,0
2.570399,5,15,0,0,1,0,0,0,0,0,0
1.039099,10,11,0,0,0,0,1,0,0,0,0
1.2947,4,12,0,0,0,0,0,1,0,0,0
2.350827,9,12,0,0,0,0,0,1,0,0,0
1.510015,4,10,0,0,0,0,0,1,0,0,0
1.507569,5,12,0,0,1,0,0,0,0,0,0
0.9234912,6,8,0,0,0,1,0,0,0,0,0
1.127573,9,9,0,0,0,0,0,1,0,0,0
2.126562,6,12,0,0,0,0,1,0,0,0,0
1.666561,2,15,1,0,0,0,0,0,0,0,0
1.296785,5,12,0,0,0,0,0,0,1,0,0
1.5435,9,13,1,0,0,0,0,0,0,0,0
1.366405,10,10,0,0,0,0,0,0,0,0,1
1.735682,2,14,0,0,0,1,0,0,0,0,0
2.006702,12,12,0,0,0,0,1,0,0,0,0
1.960461,11,13,0,0,0,0,1,0,0,0,0
1.466543,12,9,0,0,0,0,1,0,0,0,0
1.646451,1,12,0,0,0,0,1,0,0,0,0
1.183354,4,8,0,0,0,0,0,0,0,0,1
1.185464,4,11,1,0,0,0,0,0,0,0,0
2.207794,7,11,0,0,0,0,1,0,0,0,0
2.210918,8,12,0,0,0,0,1,0,0,0,0
1.891335,2,12,0,0,0,0,0,1,0,0,0
0.4269441,3,10,0,0,0,0,0,1,0,0,0
1.976683,8,12,0,0,0,0,0,1,0,0,0
2.096986,7,11,0,0,0,0,0,1,0,0,0
1.408174,13,11,0,0,0,0,1,0,0,0,0
1.93486,4,12,0,0,0,0,0,0,0,0,1
1.834268,9,12,0,1,0,0,0,0,0,0,0
1.85306,2,14,0,0,0,0,0,0,0,0,1
1.827728,6,10,0,0,0,0,0,0,0,0,1
2.125823,10,12,1,0,0,0,0,0,0,0,0
1.137845,2,14,0,0,0,0,0,0,0,1,0
2.210918,5,14,0,0,0,0,1,0,0,0,0
0.9417034,3,12,0,0,0,0,0,0,0,1,0
1.611243,5,13,0,1,0,0,0,0,0,0,0
2.023661,9,12,0,0,0,1,0,0,0,0,0
1.851255,10,12,0,0,0,0,0,1,0,0,0
1.554205,4,12,0,0,0,1,0,0,0,0,0
1.07514,5,9,0,0,1,0,0,0,0,0,0
1.531898,3,12,0,0,0,1,0,0,0,0,0
3.292909,7,11,0,1,0,0,0,0,0,0,0
2.309718,5,12,0,0,0,0,1,0,0,0,0
1.708803,7,12,0,0,0,0,0,1,0,0,0
0.2440268,4,12,0,0,0,0,0,1,0,0,0
1.782105,6,12,0,0,0,1,0,0,0,0,0
1.776809,4,13,0,0,1,0,0,0,0,0,0
2.284885,3,14,0,0,0,0,0,1,0,0,0
0.8233793,9,12,1,0,0,0,0,0,0,0,0
1.692075,8,12,1,0,0,0,0,0,0,0,0
1.718974,3,13,0,0,0,0,0,0,0,0,1
2.043881,9,9,0,0,0,0,1,0,0,0,0
1.786035,7,11,0,0,0,0,1,0,0,0,0
1.486518,6,12,0,0,0,0,0,0,0,0,1
2.035432,11,12,0,0,0,1,0,0,0,0,0
1.921912,7,11,0,0,0,0,0,0,1,0,0
2.04285,8,12,0,0,0,0,0,1,0,0,0
1.268728,3,12,0,0,0,0,0,1,0,0,0
2.176106,10,11,0,0,0,0,1,0,0,0,0
1.679983,9,9,0,0,0,0,1,0,0,0,0
1.729724,5,12,0,1,0,0,0,0,0,0,0
1.89467,6,11,1,0,0,0,0,0,0,0,0
0.5122099,6,10,0,0,0,0,0,0,0,0,1
1.518409,7,10,0,0,0,0,1,0,0,0,0
2.050271,5,13,0,0,0,0,0,0,0,0,1
1.235966,5,12,0,0,0,0,0,0,1,0,0
1.49458,9,12,0,0,0,0,0,0,1,0,0
1.854397,8,12,0,0,0,0,0,0,1,0,0
2.074398,10,12,1,0,0,0,0,0,0,0,0
1.688941,5,13,0,0,0,0,0,0,1,0,0
0.8907529,4,12,0,0,0,0,0,1,0,0,0
2.321258,8,11,0,0,1,0,0,0,0,0,0
0.8643423,6,11,0,0,0,0,0,0,0,1,0
1.171367,2,10,0,0,0,0,0,0,0,0,1
1.393659,8,12,0,0,0,1,0,0,0,0,0
2.754728,9,15,1,0,0,0,0,0,0,0,0
2.09888,9,12,0,0,0,0,1,0,0,0,0
1.556777,11,9,0,0,0,0,0,1,0,0,0
1.788325,3,12,0,1,0,0,0,0,0,0,0
1.943643,7,10,0,0,0,0,0,0,0,0,1
1.799961,7,14,0,0,0,0,0,0,0,0,1
1.203973,7,9,0,1,0,0,0,0,0,0,0
2.900422,3,12,0,0,0,0,0,0,1,0,0
1.060369,8,8,0,0,0,0,0,0,1,0,0
2.028097,8,13,1,0,0,0,0,0,0,0,0
1.458212,8,12,0,0,0,0,1,0,0,0,0
1.656602,4,12,0,0,0,0,0,1,0,0,0
0.9976364,2,11,0,1,0,0,0,0,0,0,0
2.171184,6,13,0,0,0,0,0,0,1,0,0
0.8979416,2,11,0,0,0,0,0,0,0,0,1
1.950793,5,12,0,0,0,0,0,1,0,0,0
1.113193,8,11,0,0,0,0,1,0,0,0,0
0.890121,6,12,0,0,0,1,0,0,0,0,0
2.242028,7,15,1,0,0,0,0,0,0,0,0
2.250544,12,8,1,0,0,0,0,0,0,0,0
1.194173,2,11,0,0,0,1,0,0,0,0,0
1.429428,5,12,0,0,0,0,1,0,0,0,0
1.815667,7,12,0,0,0,0,0,0,0,0,1
-0.7141256,7,11,0,0,1,0,0,0,0,0,0
2.189776,9,12,0,0,0,0,0,1,0,0,0
1.380348,5,12,0,0,0,0,0,1,0,0,0
1.827363,4,14,0,1,0,0,0,0,0,0,0
2.242028,7,15,1,0,0,0,0,0,0,0,0
2.038396,8,12,1,0,0,0,0,0,0,0,0
1.742447,8,12,0,0,0,1,0,0,0,0,0
1.865783,11,12,0,0,0,0,0,1,0,0,0
1.948775,5,12,0,0,0,1,0,0,0,0,0
1.720072,7,10,0,0,0,1,0,0,0,0,0
1.723421,9,12,0,0,0,0,1,0,0,0,0
1.611243,5,13,0,1,0,0,0,0,0,0,0
2.035432,11,12,0,0,0,1,0,0,0,0,0
1.020652,6,12,0,1,0,0,0,0,0,0,0
1.845683,2,12,0,0,0,0,1,0,0,0,0
1.709865,8,10,0,1,0,0,0,0,0,0,0
2.548255,8,15,1,0,0,0,0,0,0,0,0
0.9072418,7,10,0,0,0,0,0,1,0,0,0
1.649681,4,11,1,0,0,0,0,0,0,0,0
1.51871,8,12,0,0,0,0,1,0,0,0,0
1.620273,6,13,0,0,0,0,0,0,0,1,0
2.068576,4,12,0,0,0,1,0,0,0,0,0
2.045452,7,12,0,0,0,1,0,0,0,0,0
1.255406,7,13,0,0,1,0,0,0,0,0,0
1.851255,9,14,0,1,0,0,0,0,0,0,0
3.096216,4,13,0,1,0,0,0,0,0,0,0
1.632253,3,12,0,0,0,0,0,1,0,0,0
1.271966,8,12,0,0,0,0,0,1,0,0,0
1.997931,9,12,0,1,0,0,0,0,0,0,0
1.737285,2,13,0,0,1,0,0,0,0,0,0
1.048965,5,11,0,0,0,0,0,1,0,0,0
1.537357,4,12,0,0,0,0,1,0,0,0,0
1.235728,1,11,0,1,0,0,0,0,0,0,0
1.72541,7,13,0,1,0,0,0,0,0,0,0
1.482438,3,11,0,0,0,0,0,0,1,0,0
1.781983,9,15,0,1,0,0,0,0,0,0,0
2.153105,6,11,0,0,0,0,1,0,0,0,0
2.263364,4,12,0,0,0,0,1,0,0,0,0
1.963839,9,12,0,0,0,1,0,0,0,0,0
2.342639,8,14,1,0,0,0,0,0,0,0,0
1.306227,9,11,0,0,0,0,0,0,1,0,0
1.728221,6,11,0,0,0,0,1,0,0,0,0
1.72541,5,12,0,0,0,1,0,0,0,0,0
3.099275,8,14,0,0,1,0,0,0,0,0,0
1.089582,3,14,0,0,0,0,0,0,0,1,0
1.915793,11,12,0,0,0,0,1,0,0,0,0
1.740722,7,10,0,0,0,0,1,0,0,0,0
0.5121712,6,10,0,0,0,0,0,0,0,0,1
1.625932,4,12,0,0,0,0,1,0,0,0,0
2.036295,6,11,0,0,0,0,0,0,0,0,1
1.256109,1,11,0,0,0,0,1,0,0,0,0
1.223409,4,10,0,0,0,0,0,0,1,0,0
1.950716,9,10,0,0,0,0,0,1,0,0,0
1.929545,4,14,0,0,0,0,1,0,0,0,0
1.35191,6,12,0,0,0,0,0,0,0,0,1
1.8988,7,12,0,0,0,0,1,0,0,0,0
1.928679,6,13,0,0,1,0,0,0,0,0,0
0.8024934,3,11,0,0,0,0,0,0,0,0,1
2.074653,10,11,0,0,0,0,1,0,0,0,0
1.903118,4,12,0,0,0,0,0,0,1,0,0
1.711334,9,12,0,0,0,0,0,0,1,0,0
1.781913,9,12,0,0,0,0,1,0,0,0,0
1.324259,4,12,0,0,1,0,0,0,0,0,0
1.119142,11,12,0,0,0,0,1,0,0,0,0
1.170184,6,10,0,0,0,1,0,0,0,0,0
1.594287,9,14,0,0,0,0,0,0,0,0,1
1.080877,8,9,0,0,0,0,0,1,0,0,0
1.661634,10,12,0,0,0,0,1,0,0,0,0
1.288348,8,15,0,1,0,0,0,0,0,0,0
1.753451,8,12,0,0,0,0,0,0,1,0,0
2.057613,5,11,0,0,0,0,0,1,0,0,0
2.280909,3,11,0,0,0,0,0,1,0,0,0
2.333062,5,10,0,0,0,0,1,0,0,0,0
1.390643,6,12,0,0,0,0,0,1,0,0,0
1.562516,4,11,0,0,0,1,0,0,0,0,0
2.547612,7,15,0,1,0,0,0,0,0,0,0
1.555511,5,11,0,0,0,0,0,0,0,0,1
1.213384,3,9,0,0,0,0,0,0,1,0,0
1.728221,7,10,0,0,0,0,1,0,0,0,0
1.722682,9,12,0,0,0,0,0,1,0,0,0
1.89316,3,12,0,0,0,1,0,0,0,0,0
2.018309,8,13,0,1,0,0,0,0,0,0,0
1.855317,7,12,0,1,0,0,0,0,0,0,0
1.758895,5,11,0,0,0,1,0,0,0,0,0
2.309577,8,11,0,0,0,0,0,1,0,0,0
0.9270628,2,11,0,0,0,1,0,0,0,0,0
1.627703,9,12,0,0,0,1,0,0,0,0,0
2.021504,10,12,0,0,0,0,1,0,0,0,0
1.407227,17,3,0,0,0,0,0,1,0,0,0
1.390643,6,12,0,0,0,0,0,1,0,0,0
1.637382,2,13,0,0,0,1,0,0,0,0,0
1.420731,1,16,0,0,0,0,0,0,0,0,1
2.006702,12,12,0,0,0,0,1,0,0,0,0
2.076528,7,13,0,0,1,0,0,0,0,0,0
1.216045,6,12,0,0,0,0,1,0,0,0,0
2.384628,6,13,1,0,0,0,0,0,0,0,0
1.557073,8,12,0,0,0,0,0,1,0,0,0
1.285038,7,12,0,0,0,0,0,1,0,0,0
1.420472,11,11,0,0,0,0,0,1,0,0,0
2.036455,4,13,0,0,0,0,1,0,0,0,0
1.228117,6,12,0,1,0,0,0,0,0,0,0
1.224856,7,6,0,0,0,0,1,0,0,0,0
1.335449,5,13,0,0,0,0,0,0,0,0,1
1.51421,8,12,0,1,0,0,0,0,0,0,0
-1.417066,4,11,0,0,0,0,0,1,0,0,0
0.8620211,3,10,0,0,0,0,0,1,0,0,0
2.033576,8,12,0,0,0,0,1,0,0,0,0
2.282292,8,15,0,1,0,0,0,0,0,0,0
2.400539,4,13,0,0,0,0,0,1,0,0,0
1.435686,9,12,0,0,0,0,0,1,0,0,0
1.056601,7,10,0,0,0,0,0,0,0,0,1
1.381279,2,15,0,0,1,0,0,0,0,0,0
1.522818,5,12,0,0,0,1,0,0,0,0,0
1.37874,3,12,0,0,0,0,0,0,0,1,0
1.569977,4,12,1,0,0,0,0,0,0,0,0
1.618998,11,12,0,0,0,0,0,1,0,0,0
1.551968,1,14,1,0,0,0,0,0,0,0,0
1.998229,7,12,0,0,1,0,0,0,0,0,0
1.929574,8,12,0,0,0,0,1,0,0,0,0
1.565358,4,12,0,0,0,0,0,1,0,0,0
1.406853,4,14,1,0,0,0,0,0,0,0,0
1.549015,7,12,0,0,0,0,0,0,0,0,1
1.127573,9,9,0,0,0,0,0,1,0,0,0
2.072073,4,12,0,0,0,1,0,0,0,0,0
2.901423,6,14,1,0,0,0,0,0,0,0,0
1.579028,3,12,0,0,0,1,0,0,0,0,0
1.541165,3,12,0,0,0,1,0,0,0,0,0
1.778595,8,8,0,0,0,0,0,1,0,0,0
1.822662,4,14,1,0,0,0,0,0,0,0,0
1.49458,9,12,0,0,0,0,0,0,1,0,0
1.337504,3,15,1,0,0,0,0,0,0,0,0
1.679744,6,12,0,0,0,0,1,0,0,0,0
1.678757,11,12,0,0,0,0,0,0,1,0,0
1.820029,7,14,0,0,0,1,0,0,0,0,0
-0.2473808,2,12,0,0,0,0,0,0,1,0,0
2.34427,10,10,0,0,0,0,1,0,0,0,0
1.549015,7,12,0,0,0,0,1,0,0,0,0
2.108061,5,14,0,0,1,0,0,0,0,0,0
1.775165,8,11,0,0,0,0,0,1,0,0,0
0.7129337,7,11,0,0,0,0,1,0,0,0,0
1.889956,7,15,1,0,0,0,0,0,0,0,0
1.350717,5,11,0,0,0,1,0,0,0,0,0
1.39722,10,12,0,0,0,0,1,0,0,0,0
1.384125,11,8,0,0,0,0,0,0,1,0,0
1.699891,6,14,0,1,0,0,0,0,0,0,0
0.4206551,7,12,0,0,1,0,0,0,0,0,0
2.226162,6,15,0,1,0,0,0,0,0,0,0
1.809506,9,12,0,0,0,0,0,1,0,0,0
1.580543,11,12,0,0,0,0,0,0,1,0,0
2.130121,7,15,0,0,1,0,0,0,0,0,0
1.387909,4,11,0,0,0,0,0,1,0,0,0
1.843053,3,11,0,0,0,1,0,0,0,0,0
1.729724,5,12,0,1,0,0,0,0,0,0,0
1.927517,9,10,0,1,0,0,0,0,0,0,0
1.024894,8,12,0,0,0,0,0,1,0,0,0
1.184955,7,12,0,0,0,0,0,1,0,0,0
2.183852,11,11,0,0,0,0,1,0,0,0,0
1.631099,4,15,1,0,0,0,0,0,0,0,0
1.843193,6,11,0,0,0,0,0,1,0,0,0
1.110786,7,11,0,0,0,0,0,1,0,0,0
1.95448,4,12,1,0,0,0,0,0,0,0,0
2.401301,7,11,0,0,0,0,0,1,0,0,0
1.988279,6,11,0,0,0,1,0,0,0,0,0
2.226162,6,15,0,1,0,0,0,0,0,0,0
1.32553,7,12,0,0,1,0,0,0,0,0,0
1.771957,3,15,1,0,0,0,0,0,0,0,0
1.647449,5,10,0,0,0,1,0,0,0,0,0
1.514647,10,12,0,0,0,1,0,0,0,0,0
1.204113,5,11,0,0,0,1,0,0,0,0,0
1.606387,11,9,0,0,0,0,1,0,0,0,0
1.106963,4,11,0,0,0,0,0,0,0,0,1
1.067386,3,10,0,0,0,0,0,0,0,1,0
1.332504,3,9,0,0,0,0,1,0,0,0,0
1.601009,8,12,0,0,0,0,0,1,0,0,0
2.35569,8,12,0,0,0,0,1,0,0,0,0
2.113619,9,11,0,0,0,0,0,1,0,0,0
0.0878387,10,12,0,0,0,1,0,0,0,0,0
1.396486,2,15,1,0,0,0,0,0,0,0,0
2.428656,8,15,0,0,0,0,0,0,0,0,1
2.786848,10,12,0,0,0,0,1,0,0,0,0
1.957906,7,12,0,0,1,0,0,0,0,0,0
2.10231,6,12,0,0,0,0,1,0,0,0,0
1.618008,9,12,0,0,0,0,0,1,0,0,0
0.6740973,7,12,0,0,0,0,0,0,0,0,1
1.981077,5,12,0,0,0,0,0,0,1,0,0
1.435686,8,12,0,0,0,0,0,0,1,0,0
1.972959,10,8,0,0,0,0,0,1,0,0,0
1.624676,7,9,0,0,0,0,0,1,0,0,0
1.877644,6,8,0,0,0,0,1,0,0,0,0
2.058709,9,15,0,0,0,0,0,0,1,0,0
1.093465,3,11,0,0,0,0,0,0,0,0,1
1.636952,8,12,0,0,1,0,0,0,0,0,0
0.5407809,5,10,0,0,0,0,0,0,1,0,0
1.799449,7,12,0,0,0,0,0,0,1,0,0
2.390996,4,14,0,0,0,1,0,0,0,0,0
0.4462871,6,12,0,0,0,0,0,1,0,0,0
1.576051,3,13,0,0,1,0,0,0,0,0,0
1.206918,3,13,1,0,0,0,0,0,0,0,0
2.148761,11,12,0,0,0,0,0,1,0,0,0
0.8568673,2,9,0,0,0,0,1,0,0,0,0
2.168054,6,12,0,0,0,1,0,0,0,0,0
2.113619,10,12,0,0,0,0,0,0,0,0,1
1.404191,10,8,0,0,0,0,0,1,0,0,0
0.9890447,8,10,0,0,0,0,0,0,0,0,1
0.2062864,2,10,0,0,0,0,0,0,1,0,0
2.36429,2,15,1,0,0,0,0,0,0,0,0
2.282292,9,11,1,0,0,0,0,0,0,0,0
2.19379,9,12,0,0,0,0,0,0,1,0,0
1.760508,5,11,0,0,0,0,1,0,0,0,0
2.171427,7,11,0,0,0,0,1,0,0,0,0
2.307313,4,14,0,0,1,0,0,0,0,0,0
1.524607,10,14,0,0,0,1,0,0,0,0,0
2.560215,6,14,0,1,0,0,0,0,0,0,0
1.563573,10,12,0,0,0,0,0,0,0,1,0
1.23815,9,9,0,0,0,0,1,0,0,0,0
1.950579,10,12,0,0,0,0,0,1,0,0,0
2.468286,8,12,0,0,0,0,1,0,0,0,0
1.843053,3,10,0,0,0,0,0,0,0,0,1
2.022145,7,11,0,0,0,0,0,0,0,0,1
1.822308,7,13,0,0,1,0,0,0,0,0,0
1.759997,6,12,0,0,0,0,0,1,0,0,0
0.6435003,1,11,0,0,0,0,0,1,0,0,0
1.18368,13,9,0,0,0,0,0,1,0,0,0
1.900045,10,12,0,0,0,0,0,1,0,0,0
1.965131,6,15,0,1,0,0,0,0,0,0,0
-0.021081,2,11,0,0,0,0,0,0,0,0,1
3.343164,8,12,0,1,0,0,0,0,0,0,0
1.853758,4,13,0,0,0,1,0,0,0,0,0
1.829711,2,13,0,0,0,1,0,0,0,0,0
2.718755,8,15,0,0,0,0,0,1,0,0,0
1.162093,7,9,0,0,0,0,0,0,1,0,0
1.83924,3,12,0,0,0,0,1,0,0,0,0
0.9975806,2,10,0,0,0,0,0,0,0,0,1
0.9848826,6,10,0,0,0,0,0,0,1,0,0
1.224856,2,12,0,0,0,0,1,0,0,0,0
2.074398,11,12,0,0,0,0,1,0,0,0,0
1.251219,2,11,0,0,0,0,0,0,0,1,0
2.207794,8,11,0,0,0,0,0,1,0,0,0
1.390799,9,11,0,0,0,0,1,0,0,0,0
1.753451,8,12,0,0,0,0,0,0,1,0,0
0.9582279,6,12,0,1,0,0,0,0,0,0,0
1.570719,4,11,0,0,0,0,0,1,0,0,0
2.10754,8,13,0,1,0,0,0,0,0,0,0
1.682546,6,12,0,1,0,0,0,0,0,0,0
1.68208,10,12,0,0,0,0,0,1,0,0,0
1.104257,8,10,0,0,0,0,0,1,0,0,0
2.152735,7,14,0,1,0,0,0,0,0,0,0
1.644806,6,12,0,0,0,0,1,0,0,0,0
1.948359,9,13,0,0,0,0,1,0,0,0,0
1.991017,13,9,0,0,0,0,0,1,0,0,0
1.229291,4,12,0,0,0,0,1,0,0,0,0
1.06874,9,11,0,0,0,0,1,0,0,0,0
0.6839116,7,10,0,0,0,0,0,0,0,0,1
1.94582,10,10,0,0,0,1,0,0,0,0,0
1.262468,10,13,0,0,0,0,0,0,1,0,0
1.080877,8,9,0,0,0,0,0,1,0,0,0
1.871322,7,10,0,0,0,0,1,0,0,0,0
1.090123,1,11,0,0,0,0,0,0,0,0,1
1.888564,8,12,0,0,0,1,0,0,0,0,0
1.978628,3,12,0,1,0,0,0,0,0,0,0
2.563854,2,15,0,0,0,0,0,0,0,0,1
1.391689,5,12,0,0,0,0,0,0,0,0,1
1.723421,9,12,0,0,0,0,1,0,0,0,0
2.304466,7,12,0,0,0,0,1,0,0,0,0
1.241713,4,12,0,0,0,1,0,0,0,0,0
1.637382,2,13,0,0,0,1,0,0,0,0,0
2.459195,8,14,0,0,1,0,0,0,0,0,0
1.520888,7,11,0,0,0,0,1,0,0,0,0
2.000533,5,11,0,0,0,0,0,1,0,0,0
1.782337,2,12,0,0,0,0,0,0,0,0,1
2.075007,5,12,0,0,0,0,0,1,0,0,0
1.222665,3,12,0,0,0,0,0,1,0,0,0
2.786848,10,12,0,0,0,0,1,0,0,0,0
1.377867,9,10,0,0,0,0,0,0,1,0,0
1.861542,5,12,0,0,0,0,0,0,1,0,0
1.227709,3,12,0,0,0,0,0,0,0,0,1
1.324886,5,12,0,0,0,0,0,0,0,0,1
1.633753,7,11,0,0,0,0,0,1,0,0,0
2.348602,3,13,0,0,0,0,0,1,0,0,0
1.648645,8,13,0,1,0,0,0,0,0,0,0
1.188017,5,12,0,0,0,0,0,0,0,0,1
1.423654,4,12,0,0,0,0,0,0,1,0,0
1.526783,3,11,0,0,0,0,0,0,1,0,0
1.800329,8,12,0,0,0,0,0,0,1,0,0
1.688419,8,14,0,0,0,1,0,0,0,0,0
1.621511,4,12,0,0,0,0,0,1,0,0,0
2.390386,5,14,1,0,0,0,0,0,0,0,0
2.093135,6,12,0,0,0,0,1,0,0,0,0
1.966632,7,11,1,0,0,0,0,0,0,0,0
1.695105,4,13,0,0,0,0,0,0,0,0,1
1.622382,5,8,0,0,0,0,0,1,0,0,0
1.445718,4,12,0,0,0,0,0,0,1,0,0
1.689481,5,8,0,0,0,0,1,0,0,0,0
1.483892,2,13,0,1,0,0,0,0,0,0,0
1.908273,7,12,0,0,0,0,0,1,0,0,0
2.022467,11,12,1,0,0,0,0,0,0,0,0
1.074008,2,11,0,0,0,0,0,0,0,0,1
0.0494449,8,15,1,0,0,0,0,0,0,0,0
2.489254,5,14,0,1,0,0,0,0,0,0,0
1.22871,7,5,0,0,0,0,1,0,0,0,0
1.302155,6,12,0,0,1,0,0,0,0,0,0
1.474907,13,8,0,0,0,0,0,0,0,0,1
1.452967,6,13,0,0,0,0,1,0,0,0,0
2.113619,9,12,0,0,0,0,1,0,0,0,0
0.4206551,7,12,0,0,1,0,0,0,0,0,0
1.508764,10,12,0,0,0,0,0,0,0,0,1
1.055036,5,12,0,0,0,0,1,0,0,0,0
1.557643,2,11,0,0,0,0,1,0,0,0,0
1.818555,5,12,0,0,0,1,0,0,0,0,0
1.527013,9,12,0,0,0,0,0,0,0,0,1
2.201489,3,12,0,0,0,0,1,0,0,0,0
1.56033,4,16,1,0,0,0,0,0,0,0,0
1.630491,3,13,0,0,0,0,1,0,0,0,0
1.041834,4,12,0,0,0,1,0,0,0,0,0
2.66344,11,13,0,1,0,0,0,0,0,0,0
2.171697,5,14,0,0,0,0,0,1,0,0,0
2.328792,8,12,0,0,0,0,0,0,1,0,0
1.991295,4,12,0,0,0,0,0,0,1,0,0
1.689481,5,8,0,0,0,0,1,0,0,0,0
1.782387,8,12,0,0,0,0,1,0,0,0,0
1.301463,9,11,0,0,0,1,0,0,0,0,0
2.349749,7,12,0,0,0,0,1,0,0,0,0
1.907599,11,8,0,0,0,0,1,0,0,0,0
2.27829,4,12,0,0,0,0,1,0,0,0,0
0.9893992,9,8,0,0,0,0,1,0,0,0,0
1.416282,9,13,0,0,0,0,1,0,0,0,0
0.7713791,4,15,0,0,0,0,0,0,1,0,0
1.998972,4,12,0,0,0,0,0,0,0,0,1
2.043864,5,12,0,0,0,0,1,0,0,0,0
1.311603,6,9,0,0,0,0,1,0,0,0,0
2.05411,6,13,0,0,0,0,0,0,0,0,1
1.895031,8,13,1,0,0,0,0,0,0,0,0
2.414448,7,15,1,0,0,0,0,0,0,0,0
1.76421,7,12,0,0,0,0,1,0,0,0,0
1.072815,9,12,0,0,0,0,1,0,0,0,0
1.005294,2,10,0,0,0,0,0,0,1,0,0
1.396142,9,8,0,0,0,0,0,0,0,0,1
2.548255,8,15,1,0,0,0,0,0,0,0,0
1.975598,8,12,0,1,0,0,0,0,0,0,0
0.8537073,3,13,0,0,0,0,0,0,0,0,1
2.135247,2,15,1,0,0,0,0,0,0,0,0
0.36179,3,11,0,0,0,0,0,0,1,0,0
2.063185,5,12,0,0,0,0,0,0,1,0,0
1.268915,5,10,0,0,0,0,0,0,0,0,1
2.128834,9,11,0,0,0,0,1,0,0,0,0
1.682546,6,12,0,0,0,0,0,1,0,0,0
0.8467833,3,12,1,0,0,0,0,0,0,0,0
1.517035,4,14,0,0,0,0,1,0,0,0,0
1.824752,3,10,0,0,0,0,0,1,0,0,0
1.396486,2,15,1,0,0,0,0,0,0,0,0
0.9376874,3,10,0,0,0,0,0,0,1,0,0
1.357177,12,9,0,0,0,0,0,1,0,0,0
0.8233793,9,12,1,0,0,0,0,0,0,0,0
1.273485,9,13,0,0,1,0,0,0,0,0,0
2.285026,5,12,0,0,0,0,1,0,0,0,0
1.124416,5,15,0,0,1,0,0,0,0,0,0
1.73646,7,11,0,0,0,0,1,0,0,0,0
2.190017,5,12,0,1,0,0,0,0,0,0,0
1.77776,6,12,0,0,0,0,0,1,0,0,0
1.462543,13,8,0,0,0,0,0,1,0,0,0
1.721832,16,8,0,0,0,0,0,0,1,0,0
2.321258,9,13,0,0,0,0,1,0,0,0,0
2.159004,8,12,0,0,0,0,0,1,0,0,0
2.001,5,14,0,0,0,0,1,0,0,0,0
1.660872,7,12,0,1,0,0,0,0,0,0,0
2.125205,2,12,0,0,0,0,0,0,1,0,0
1.918003,2,14,1,0,0,0,0,0,0,0,0
1.938935,7,12,0,0,0,0,1,0,0,0,0
2.171697,7,12,0,0,0,0,1,0,0,0,0
2.519084,10,12,0,0,0,0,1,0,0,0,0
2.410871,11,12,0,0,0,0,0,0,0,0,1
1.673796,7,12,1,0,0,0,0,0,0,0,0
1.929574,8,12,0,0,0,0,1,0,0,0,0
1.619917,10,12,0,0,0,0,0,0,0,0,1
2.140562,5,12,0,0,0,1,0,0,0,0,0
2.259862,6,14,0,0,0,1,0,0,0,0,0
2.037503,9,12,0,0,0,0,1,0,0,0,0
1.099071,9,12,0,0,0,0,0,1,0,0,0
1.72541,5,12,0,0,0,1,0,0,0,0,0
2.321258,8,12,0,0,0,0,0,1,0,0,0
2.990088,8,15,1,0,0,0,0,0,0,0,0
2.222182,5,12,0,0,0,0,0,0,0,0,1
1.139698,3,14,0,0,0,0,0,0,0,0,1
1.104257,8,10,0,0,0,0,0,1,0,0,0
1.615744,7,13,0,0,0,0,0,1,0,0,0
1.937986,9,10,0,0,0,0,1,0,0,0,0
1.800329,7,14,0,0,0,0,0,0,0,1,0
1.669321,4,14,0,1,0,0,0,0,0,0,0
1.832206,8,10,0,0,0,0,1,0,0,0,0
1.661634,10,12,0,0,0,0,1,0,0,0,0
1.698008,10,12,1,0,0,0,0,0,0,0,0
1.975682,5,12,0,0,1,0,0,0,0,0,0
1.704527,9,12,0,0,1,0,0,0,0,0,0
0.5567801,2,15,0,1,0,0,0,0,0,0,0
1.936413,8,11,1,0,0,0,0,0,0,0,0
1.61643,7,11,0,0,0,0,0,0,0,0,1
1.448,4,12,0,0,0,0,1,0,0,0,0
2.183852,8,11,0,0,0,1,0,0,0,0,0
1.228117,6,12,0,1,0,0,0,0,0,0,0
2.186982,10,11,0,1,0,0,0,0,0,0,0
1.390643,6,12,0,0,0,0,0,1,0,0,0
1.900045,8,10,0,0,0,0,0,0,0,0,1
0.556097,9,8,0,0,0,0,0,1,0,0,0
1.356736,3,12,0,0,0,0,1,0,0,0,0
1.992477,9,12,0,0,0,1,0,0,0,0,0
1.675962,4,13,0,1,0,0,0,0,0,0,0
1.510015,4,10,0,0,0,0,0,1,0,0,0
1.723421,9,12,0,0,0,0,1,0,0,0,0
1.169464,5,11,0,0,1,0,0,0,0,0,0
1.50658,4,13,0,0,0,0,0,1,0,0,0
2.058447,10,12,0,0,0,0,0,1,0,0,0
1.53485,7,10,0,0,0,0,1,0,0,0,0
1.966632,10,12,0,0,0,0,1,0,0,0,0
2.088012,8,12,0,0,0,0,1,0,0,0,0
1.188017,5,12,0,0,0,0,0,0,0,0,1
1.394864,6,12,0,0,0,1,0,0,0,0,0
0.7065702,8,11,0,0,0,0,0,0,0,0,1
-0.1910087,10,10,0,0,0,0,0,1,0,0,0
1.437728,6,12,0,0,0,0,0,0,0,0,1
1.984131,9,9,0,0,0,0,0,1,0,0,0
2.629008,7,14,1,0,0,0,0,0,0,0,0
1.348406,9,12,0,1,0,0,0,0,0,0,0
0.9031591,3,14,0,0,0,1,0,0,0,0,0
1.631655,7,12,0,0,0,0,0,1,0,0,0
1.839354,5,15,1,0,0,0,0,0,0,0,0
1.764704,6,12,0,0,0,0,0,1,0,0,0
1.82072,5,14,0,1,0,0,0,0,0,0,0
0.5909377,4,11,1,0,0,0,0,0,0,0,0
1.602266,10,12,0,1,0,0,0,0,0,0,0
1.948554,6,12,0,0,0,0,1,0,0,0,0
1.845065,5,12,0,0,0,0,1,0,0,0,0
1.733311,8,12,0,0,0,0,0,0,1,0,0
1.203503,6,13,0,0,0,0,0,1,0,0,0
2.195281,8,16,1,0,0,0,0,0,0,0,0
1.387896,7,12,0,1,0,0,0,0,0,0,0
-0.742699,7,12,0,0,0,0,0,0,1,0,0
1.505544,6,14,1,0,0,0,0,0,0,0,0
2.577757,9,13,1,0,0,0,0,0,0,0,0
1.853465,2,13,1,0,0,0,0,0,0,0,0
1.679983,9,9,0,0,0,0,1,0,0,0,0
0.8070776,6,11,0,0,0,0,1,0,0,0,0
1.139698,3,14,0,0,0,0,0,0,0,0,1
1.621511,4,12,0,0,0,0,0,1,0,0,0
1.7742,6,13,0,1,0,0,0,0,0,0,0
2.768744,9,15,1,0,0,0,0,0,0,0,0
1.251763,8,11,0,0,0,0,1,0,0,0,0
1.851255,8,12,0,0,0,0,0,1,0,0,0
1.013781,12,10,0,0,0,0,0,0,0,0,1
1.745894,9,12,0,0,0,0,0,0,1,0,0
1.596362,9,12,0,0,0,0,0,0,0,0,1
1.647449,3,12,1,0,0,0,0,0,0,0,0
1.379507,5,8,0,0,0,1,0,0,0,0,0
1.384125,11,8,0,0,0,0,0,0,1,0,0
2.547612,7,15,0,1,0,0,0,0,0,0,0
1.981609,2,11,0,0,0,0,0,0,1,0,0
2.110339,8,13,0,0,0,0,1,0,0,0,0
1.320166,2,11,0,0,0,0,1,0,0,0,0
2.933697,4,10,0,0,0,1,0,0,0,0,0
1.429428,5,12,0,0,0,0,1,0,0,0,0
1.820159,2,12,0,0,0,0,0,1,0,0,0
1.75289,8,11,0,0,0,0,1,0,0,0,0
2.023339,7,12,0,1,0,0,0,0,0,0,0
1.79412,5,12,1,0,0,0,0,0,0,0,0
1.872825,5,12,0,0,0,0,0,1,0,0,0
1.988927,2,15,1,0,0,0,0,0,0,0,0
1.44396,11,11,0,0,0,0,0,1,0,0,0
1.524607,9,11,0,0,0,0,0,0,0,0,1
1.755042,5,12,0,0,0,1,0,0,0,0,0
2.151359,8,15,0,0,0,0,0,1,0,0,0
1.093605,5,8,0,0,0,0,0,0,1,0,0
1.126323,2,14,0,1,0,0,0,0,0,0,0
2.068997,6,11,0,0,0,0,0,1,0,0,0
1.478102,6,12,0,0,0,1,0,0,0,0,0
1.517771,7,12,0,0,0,0,0,1,0,0,0
1.301463,9,11,0,0,0,1,0,0,0,0,0
1.946565,9,12,0,0,0,0,0,0,1,0,0
2.344943,10,11,0,1,0,0,0,0,0,0,0
2.457209,9,12,0,0,0,0,0,1,0,0,0
0.9843019,8,12,0,0,0,0,0,0,0,0,1
1.209656,3,11,0,0,0,0,0,1,0,0,0
1.44161,9,10,0,0,0,0,1,0,0,0,0
1.545017,8,12,0,0,0,0,0,1,0,0,0
0.6897017,7,9,0,0,0,0,0,1,0,0,0
1.560803,4,12,0,0,0,0,0,1,0,0,0
1.693661,5,12,0,0,0,1,0,0,0,0,0
2.354019,5,13,0,0,0,1,0,0,0,0,0
-0.696018,2,13,0,0,0,0,1,0,0,0,0
2.011084,7,13,0,1,0,0,0,0,0,0,0
2.333062,5,10,0,0,0,0,1,0,0,0,0
2.291992,5,14,0,0,0,0,1,0,0,0,0
1.137353,7,12,0,0,0,0,0,0,1,0,0
1.202104,6,10,0,0,0,0,1,0,0,0,0
2.054196,8,10,0,0,0,0,0,0,0,0,1
2.30233,7,15,1,0,0,0,0,0,0,0,0
1.110786,7,11,0,0,0,0,0,1,0,0,0
1.052747,11,8,0,0,0,0,0,1,0,0,0
1.985459,8,11,0,0,0,0,1,0,0,0,0
1.340429,8,12,0,0,0,0,0,0,0,0,1
1.918966,3,14,1,0,0,0,0,0,0,0,0
1.47828,8,12,0,0,0,0,1,0,0,0,0
1.681777,5,15,0,0,0,1,0,0,0,0,0
1.482438,3,11,0,0,0,0,0,0,1,0,0
1.502828,3,14,0,1,0,0,0,0,0,0,0
1.579028,3,12,0,0,0,1,0,0,0,0,0
1.910543,6,14,0,0,1,0,0,0,0,0,0
2.679806,9,12,0,0,0,0,1,0,0,0,0
1.977629,9,12,0,0,0,0,1,0,0,0,0
1.743517,5,12,0,0,0,0,0,1,0,0,0
2.07727,3,15,1,0,0,0,0,0,0,0,0
1.980008,4,12,0,0,0,0,1,0,0,0,0
1.464857,2,13,0,0,0,0,0,0,1,0,0
1.190911,7,10,0,0,0,0,0,1,0,0,0
2.937463,2,11,0,1,0,0,0,0,0,0,0
1.197268,2,10,0,0,0,1,0,0,0,0,0
1.052747,11,8,0,0,0,0,0,1,0,0,0
1.500714,4,11,0,0,0,0,1,0,0,0,0
1.981344,4,14,1,0,0,0,0,0,0,0,0
2.040221,6,12,0,1,0,0,0,0,0,0,0
1.460391,6,12,0,0,0,1,0,0,0,0,0
0.9484363,7,10,1,0,0,0,0,0,0,0,0
1.556034,4,11,0,0,0,0,0,1,0,0,0
1.784792,8,11,0,0,0,0,1,0,0,0,0
1.434721,3,12,0,0,0,0,0,1,0,0,0
1.903898,7,13,0,0,0,0,0,0,0,0,1
2.117659,8,12,0,0,0,0,1,0,0,0,0
2.19379,9,12,0,0,0,0,0,0,1,0,0
1.432799,8,13,0,1,0,0,0,0,0,0,0
2.360254,9,11,0,0,0,1,0,0,0,0,0
2.747343,10,12,0,1,0,0,0,0,0,0,0
1.871322,5,12,1,0,0,0,0,0,0,0,0
1.705051,6,12,0,1,0,0,0,0,0,0,0
1.535135,9,12,0,0,0,0,1,0,0,0,0
1.981344,4,14,1,0,0,0,0,0,0,0,0
2.055204,2,11,0,0,0,0,0,0,1,0,0
2.541477,3,15,0,1,0,0,0,0,0,0,0
2.03499,3,12,0,0,0,0,0,0,1,0,0
1.441384,7,10,0,0,0,0,0,0,0,0,1
0.8568673,2,9,0,0,0,0,1,0,0,0,0
1.635995,12,12,0,0,0,0,0,0,1,0,0
1.478807,11,12,0,0,0,0,0,0,1,0,0
1.771957,3,15,1,0,0,0,0,0,0,0,0
1.462543,13,8,0,0,0,0,0,1,0,0,0
2.058228,4,14,0,0,0,0,0,1,0,0,0
1.375923,5,12,0,0,0,0,0,1,0,0,0
1.59496,6,11,0,0,0,1,0,0,0,0,0
1.504843,5,12,0,0,0,0,0,1,0,0,0
0.8558678,9,10,0,0,0,0,0,0,0,0,1
1.943643,7,10,0,0,0,0,0,0,0,0,1
1.676231,1,14,0,0,0,0,1,0,0,0,0
0.4462871,6,12,0,0,0,0,0,1,0,0,0
2.010764,6,13,1,0,0,0,0,0,0,0,0
2.03343,9,12,0,0,0,0,0,1,0,0,0
1.219329,7,12,0,1,0,0,0,0,0,0,0
1.772159,8,12,0,0,0,1,0,0,0,0,0
2.515679,6,13,0,0,0,0,0,0,1,0,0
1.87631,7,15,0,0,0,0,0,0,0,0,1
1.178336,1,12,0,0,0,0,0,0,0,0,1
1.47828,8,12,0,0,0,0,1,0,0,0,0
-0.742699,7,12,0,0,0,0,0,0,1,0,0
2.375694,6,14,1,0,0,0,0,0,0,0,0
2.005143,11,12,0,0,0,1,0,0,0,0,0
1.494835,9,11,0,0,0,0,1,0,0,0,0
0.177887,4,8,0,0,0,0,0,1,0,0,0
1.838301,6,11,0,0,0,0,1,0,0,0,0
0.9859088,3,15,0,0,0,1,0,0,0,0,0
1.874992,7,12,0,0,0,1,0,0,0,0,0
0.9502881,7,12,0,0,0,0,0,0,0,0,1
1.189498,4,11,0,0,1,0,0,0,0,0,0
1.11888,2,12,0,0,0,0,0,0,1,0,0
1.171367,2,10,0,0,0,0,0,0,0,0,1
1.907714,5,12,0,0,0,0,1,0,0,0,0
0.874741,3,12,0,0,0,0,1,0,0,0,0
1.260981,3,11,0,0,0,0,0,1,0,0,0
2.055204,2,11,0,0,0,0,0,0,1,0,0
1.514313,11,12,0,0,0,0,1,0,0,0,0
2.416549,10,12,0,0,0,0,0,0,0,0,1
2.016517,5,14,1,0,0,0,0,0,0,0,0
1.939564,4,14,1,0,0,0,0,0,0,0,0
1.420812,1,12,1,0,0,0,0,0,0,0,0
0.6187202,8,12,0,0,0,0,1,0,0,0,0
1.195634,7,14,0,0,0,0,0,0,0,1,0
1.376056,5,12,0,0,0,0,1,0,0,0,0
2.321258,8,12,0,0,0,0,0,0,0,0,1
1.394864,6,12,0,0,0,1,0,0,0,0,0
2.102528,5,12,0,0,0,0,1,0,0,0,0
1.080996,8,12,0,0,0,0,0,1,0,0,0
1.894877,7,15,0,0,0,0,0,1,0,0,0
2.176106,10,11,0,0,0,0,1,0,0,0,0
1.770083,5,12,0,0,0,0,0,1,0,0,0
1.682546,6,12,0,0,0,1,0,0,0,0,0
1.472288,7,10,0,0,0,0,1,0,0,0,0
2.393579,11,12,0,0,1,0,0,0,0,0,0
1.613375,6,12,0,0,0,0,0,1,0,0,0
1.859256,5,11,0,0,0,1,0,0,0,0,0
1.788325,3,12,0,1,0,0,0,0,0,0,0
1.580634,8,11,0,0,0,0,0,0,1,0,0
2.148761,11,12,0,0,0,0,0,1,0,0,0
1.934756,7,8,0,0,0,0,0,1,0,0,0
1.288369,2,10,0,0,0,1,0,0,0,0,0
0.546165,2,15,0,0,0,0,0,0,0,0,1
2.311155,5,15,1,0,0,0,0,0,0,0,0
1.490893,7,12,0,0,0,0,1,0,0,0,0
1.339218,5,12,0,0,1,0,0,0,0,0,0
0.9096462,9,9,0,0,0,0,0,1,0,0,0
2.148761,9,11,0,0,1,0,0,0,0,0,0
1.529395,3,10,0,0,0,0,0,1,0,0,0
1.763172,2,14,0,0,0,0,1,0,0,0,0
2.19199,11,12,0,0,0,0,1,0,0,0,0
1.471382,2,15,0,0,0,1,0,0,0,0,0
1.812289,9,12,1,0,0,0,0,0,0,0,0
1.168413,9,15,0,1,0,0,0,0,0,0,0
1.983336,8,12,0,0,1,0,0,0,0,0,0
1.344394,7,8,0,0,0,0,0,1,0,0,0
0.9526954,3,15,1,0,0,0,0,0,0,0,0
1.949175,6,10,0,0,0,0,1,0,0,0,0
2.080082,10,12,0,0,0,0,1,0,0,0,0
0.5098189,2,13,0,0,0,0,0,0,0,0,1
2.094466,10,11,0,0,0,0,1,0,0,0,0
2.359585,4,12,0,0,0,0,1,0,0,0,0
2.152144,8,12,0,0,0,0,1,0,0,0,0
1.504843,5,12,0,0,0,0,0,1,0,0,0
1.445803,7,10,0,0,0,0,0,0,0,0,1
1.77767,7,12,0,0,0,1,0,0,0,0,0
2.110339,8,13,0,0,0,0,1,0,0,0,0
2.202516,8,12,0,1,0,0,0,0,0,0,0
1.230666,9,10,0,0,0,0,1,0,0,0,0
1.813759,5,12,0,0,0,1,0,0,0,0,0
1.072815,10,8,0,0,0,0,1,0,0,0,0
1.563573,15,8,0,0,0,0,0,0,0,0,1
1.476083,4,12,0,1,0,0,0,0,0,0,0
1.396486,2,15,1,0,0,0,0,0,0,0,0
1.106141,7,7,0,0,0,0,0,0,1,0,0
1.820159,2,12,0,0,0,0,0,1,0,0,0
1.060369,8,8,0,0,0,0,0,0,1,0,0
1.71465,12,12,0,0,0,0,1,0,0,0,0
1.765962,8,10,0,1,0,0,0,0,0,0,0
1.049505,10,10,0,0,0,0,0,0,0,0,1
1.53533,6,12,0,0,1,0,0,0,0,0,0
2.747343,10,12,0,1,0,0,0,0,0,0,0
1.703229,2,12,0,0,0,0,0,1,0,0,0
1.890576,6,10,0,0,0,0,0,0,0,0,1
2.370432,9,11,0,0,0,0,0,1,0,0,0
2.541477,3,15,0,1,0,0,0,0,0,0,0
1.589145,10,12,0,0,0,0,1,0,0,0,0
0.9020412,2,11,0,0,1,0,0,0,0,0,0
1.42401,14,7,0,0,0,0,1,0,0,0,0
1.84711,4,12,0,0,0,0,0,1,0,0,0
0.6435003,1,11,0,0,0,0,0,1,0,0,0
1.671143,2,12,0,0,0,0,0,1,0,0,0
2.168267,4,12,0,0,0,0,0,1,0,0,0
1.680153,6,15,0,0,0,0,0,1,0,0,0
1.43843,6,9,0,0,0,0,1,0,0,0,0
2.821783,2,12,0,0,0,0,0,1,0,0,0
2.102063,7,12,0,0,0,1,0,0,0,0,0
1.752539,6,8,0,0,0,0,0,1,0,0,0
1.471716,1,13,0,0,0,0,0,0,0,0,1
1.442384,7,8,0,0,0,0,0,1,0,0,0
1.798149,3,13,1,0,0,0,0,0,0,0,0
1.448,4,12,0,0,0,0,0,1,0,0,0
1.747149,9,11,0,0,1,0,0,0,0,0,0
1.297177,2,12,0,0,0,0,0,0,0,0,1
1.622382,5,8,0,0,0,0,0,1,0,0,0
1.655943,8,15,1,0,0,0,0,0,0,0,0
2.037503,9,12,0,0,0,0,1,0,0,0,0
1.452967,6,13,0,0,0,0,1,0,0,0,0
2.411656,5,13,0,0,1,0,0,0,0,0,0
1.46736,8,8,0,0,0,0,0,1,0,0,0
1.024894,8,12,0,0,0,0,0,1,0,0,0
1.539819,8,13,0,0,1,0,0,0,0,0,0
1.756392,8,14,0,1,0,0,0,0,0,0,0
1.076831,5,11,0,0,0,0,0,0,0,1,0
1.208187,3,16,1,0,0,0,0,0,0,0,0
3.065052,9,15,0,1,0,0,0,0,0,0,0
2.428337,6,15,1,0,0,0,0,0,0,0,0
1.301463,12,12,0,0,0,1,0,0,0,0,0
0.7273246,9,12,0,0,0,0,0,1,0,0,0
1.840042,2,13,1,0,0,0,0,0,0,0,0
1.142765,6,12,0,0,0,0,0,0,0,0,1
2.282292,10,12,0,0,0,0,0,0,1,0,0
2.786848,10,12,0,0,0,0,1,0,0,0,0
1.553184,10,12,0,1,0,0,0,0,0,0,0
0.823104,7,11,0,1,0,0,0,0,0,0,0
1.760996,10,12,0,0,0,1,0,0,0,0,0
0.5838037,4,10,0,0,0,1,0,0,0,0,0
1.53498,5,12,0,0,1,0,0,0,0,0,0
1.332504,3,9,0,0,0,0,1,0,0,0,0
1.224856,2,11,0,0,0,0,0,0,1,0,0
1.946565,8,12,0,0,0,0,0,1,0,0,0
1.106963,4,11,0,0,0,0,0,0,0,0,1
1.523447,5,11,0,0,0,0,1,0,0,0,0
1.033851,11,10,0,0,0,0,1,0,0,0,0
1.144054,4,15,0,0,0,1,0,0,0,0,0
2.174655,10,12,0,0,0,1,0,0,0,0,0
1.289858,6,12,0,0,0,0,0,1,0,0,0
2.165307,11,12,0,0,0,0,0,1,0,0,0
1.952051,11,12,0,0,0,0,1,0,0,0,0
1.82145,9,13,0,0,0,0,0,0,0,0,1
1.204459,7,12,0,1,0,0,0,0,0,0,0
2.318721,5,12,0,0,0,0,0,0,0,0,1
1.398005,5,11,0,0,0,0,1,0,0,0,0
2.657731,10,12,0,0,0,0,0,0,0,0,1
2.25992,11,13,0,0,0,0,1,0,0,0,0
1.426626,11,12,0,0,0,0,0,0,1,0,0
2.21279,6,15,1,0,0,0,0,0,0,0,0
1.660047,7,12,0,0,0,0,0,1,0,0,0
1.397786,3,13,0,0,1,0,0,0,0,0,0
1.532616,4,13,0,1,0,0,0,0,0,0,0
1.933386,5,14,1,0,0,0,0,0,0,0,0
2.074398,8,12,0,0,0,0,1,0,0,0,0
1.091325,3,12,0,0,0,0,1,0,0,0,0
1.448,4,12,0,0,0,0,0,1,0,0,0
1.491833,7,14,0,0,0,0,0,0,1,0,0
2.65211,6,14,0,0,1,0,0,0,0,0,0
2.008278,9,11,1,0,0,0,0,0,0,0,0
1.059776,8,8,0,0,0,0,0,0,1,0,0
0.7622073,8,9,0,0,0,0,0,1,0,0,0
2.264266,5,12,0,0,0,0,0,1,0,0,0
2.821783,2,12,0,0,0,0,0,1,0,0,0
1.380348,6,9,0,0,0,0,1,0,0,0,0
1.695886,2,14,1,0,0,0,0,0,0,0,0
-0.2281868,10,12,0,0,0,0,0,1,0,0,0
2.320033,9,11,0,0,0,0,1,0,0,0,0
1.962259,6,12,0,0,0,1,0,0,0,0,0
1.474291,12,9,0,0,0,0,0,1,0,0,0
2.471379,8,13,0,0,0,0,0,1,0,0,0
0.6535847,4,11,0,0,0,1,0,0,0,0,0
2.094188,10,11,0,0,1,0,0,0,0,0,0
1.60215,4,12,0,0,0,0,1,0,0,0,0
1.050024,8,12,1,0,0,0,0,0,0,0,0
1.680153,6,15,0,0,0,0,0,1,0,0,0
1.572434,5,12,0,0,0,0,0,0,1,0,0
0.9463205,5,11,0,0,0,0,0,0,0,0,1
1.778123,6,14,1,0,0,0,0,0,0,0,0
1.339218,5,12,0,0,1,0,0,0,0,0,0
1.498334,5,12,0,0,0,0,0,0,1,0,0
1.357124,6,12,0,1,0,0,0,0,0,0,0
1.538514,3,12,0,1,0,0,0,0,0,0,0
1.498032,11,12,0,0,0,0,1,0,0,0,0
3.011444,7,14,0,0,1,0,0,0,0,0,0
2.132865,2,15,1,0,0,0,0,0,0,0,0
1.475532,9,12,0,0,0,0,1,0,0,0,0
2.35203,8,11,0,0,1,0,0,0,0,0,0
1.440416,3,11,0,0,0,0,0,1,0,0,0
1.89726,5,11,0,0,0,0,0,0,1,0,0
2.051931,6,12,1,0,0,0,0,0,0,0,0
2.343945,6,14,0,0,0,0,1,0,0,0,0
0.4397843,5,13,0,0,1,0,0,0,0,0,0
1.451468,8,10,0,0,0,0,0,0,0,0,1
1.464857,2,13,0,0,0,0,0,0,1,0,0
1.449234,3,11,0,0,0,0,0,0,0,0,1
1.72541,7,13,0,1,0,0,0,0,0,0,0
1.335449,4,11,0,0,0,0,0,0,0,0,1
2.97051,4,11,0,1,0,0,0,0,0,0,0
0.7967049,4,12,0,1,0,0,0,0,0,0,0
1.301463,9,11,0,0,0,1,0,0,0,0,0
1.799961,8,10,0,0,0,1,0,0,0,0,0
2.158004,5,12,0,0,0,1,0,0,0,0,0
1.854397,8,12,0,0,0,0,0,0,1,0,0
1.563573,9,12,0,0,0,0,0,0,0,0,1
1.323134,10,8,0,0,0,0,1,0,0,0,0
1.782387,8,12,0,0,0,0,1,0,0,0,0
1.305211,4,9,0,0,0,0,1,0,0,0,0
1.46736,4,14,0,0,0,1,0,0,0,0,0
1.198238,10,9,0,0,0,0,0,0,1,0,0
2.768744,9,15,1,0,0,0,0,0,0,0,0
1.340429,8,12,0,0,0,0,0,0,1,0,0
1.768034,9,12,0,0,0,0,0,1,0,0,0
1.061953,2,11,0,0,0,1,0,0,0,0,0
1.416282,9,13,0,0,0,0,1,0,0,0,0
1.952051,11,12,0,0,0,0,0,0,0,0,1
2.372794,8,12,1,0,0,0,0,0,0,0,0
1.669321,4,14,0,1,0,0,0,0,0,0,0
2.074398,8,13,0,1,0,0,0,0,0,0,0
1.630321,3,14,0,0,0,0,0,0,1,0,0
1.904956,3,11,0,0,0,0,0,1,0,0,0
1.765622,9,11,0,0,0,0,0,1,0,0,0
1.555511,5,13,0,0,0,1,0,0,0,0,0
1.547403,7,12,0,0,0,0,0,0,1,0,0
1.708803,7,12,0,0,0,0,0,1,0,0,0
2.043009,2,15,1,0,0,0,0,0,0,0,0
2.13567,4,15,1,0,0,0,0,0,0,0,0
1.451411,2,12,0,0,0,0,0,1,0,0,0
1.554713,3,15,0,0,0,0,0,1,0,0,0
1.490175,9,12,0,0,0,0,1,0,0,0,0
2.133687,9,12,0,0,0,1,0,0,0,0,0
1.440539,10,12,0,0,0,0,1,0,0,0,0
1.407174,7,10,0,1,0,0,0,0,0,0,0
1.611319,10,8,0,0,0,0,1,0,0,0,0
0.2309867,3,10,0,0,0,0,0,0,0,0,1
1.06416,4,10,0,0,0,0,0,1,0,0,0
1.952794,8,11,0,0,0,0,0,1,0,0,0
1.892331,9,13,0,1,0,0,0,0,0,0,0
1.02862,10,11,0,0,0,0,1,0,0,0,0
1.437728,6,12,0,0,0,0,0,0,0,0,1
2.186403,7,14,0,0,0,0,0,0,1,0,0
1.308156,6,12,0,0,0,0,1,0,0,0,0
2.46583,2,15,0,1,0,0,0,0,0,0,0
1.934613,9,12,0,0,0,0,1,0,0,0,0
0.2309867,3,14,0,0,0,0,1,0,0,0,0
1.682546,7,12,0,0,0,0,1,0,0,0,0
1.380348,5,12,0,0,0,0,0,0,0,0,1
1.62053,5,12,0,0,0,1,0,0,0,0,0
1.997938,11,12,0,0,0,0,0,1,0,0,0
1.374715,3,14,0,0,0,0,0,0,0,1,0
1.596674,9,6,0,0,0,0,1,0,0,0,0
1.52404,7,11,0,0,0,0,0,0,0,1,0
2.095734,8,13,0,1,0,0,0,0,0,0,0
2.071103,7,13,1,0,0,0,0,0,0,0,0
1.196187,5,12,0,0,0,0,0,0,0,0,1
1.000002,5,10,0,0,0,0,0,0,0,0,1
1.475532,9,12,0,0,0,0,1,0,0,0,0
1.889956,7,15,1,0,0,0,0,0,0,0,0
1.180582,8,14,0,1,0,0,0,0,0,0,0
0.9724026,4,12,0,1,0,0,0,0,0,0,0
2.445154,7,11,0,1,0,0,0,0,0,0,0
2.152144,8,12,0,0,0,0,1,0,0,0,0
1.093605,5,8,0,0,0,0,0,0,1,0,0
1.952051,13,10,0,0,0,0,1,0,0,0,0
2.13512,7,10,0,0,0,0,1,0,0,0,0
1.806364,8,10,0,0,0,1,0,0,0,0,0
0.9976364,2,11,0,1,0,0,0,0,0,0,0
1.591879,14,6,0,0,0,0,0,0,0,0,1
2.035786,3,12,0,0,0,0,0,1,0,0,0
1.880875,5,12,0,0,0,0,1,0,0,0,0
1.067848,10,8,0,0,0,0,0,1,0,0,0
1.618008,8,8,0,0,0,0,0,0,1,0,0
1.689169,8,12,0,0,0,0,0,0,0,0,1
1.617106,6,12,0,0,0,0,0,0,1,0,0
2.238628,4,12,0,0,0,0,0,1,0,0,0
1.453692,4,12,0,0,0,1,0,0,0,0,0
2.700374,9,13,0,0,1,0,0,0,0,0,0
1.156882,9,12,0,1,0,0,0,0,0,0,0
1.72541,5,12,0,0,0,0,1,0,0,0,0
0.2440268,4,12,0,0,0,0,0,1,0,0,0
0.37036,5,11,0,0,0,1,0,0,0,0,0
1.734704,10,12,0,0,0,0,0,1,0,0,0
1.55015,11,8,0,0,0,0,1,0,0,0,0
2.277212,9,12,0,0,0,0,1,0,0,0,0
1.184428,5,12,0,0,0,0,0,1,0,0,0
1.982938,10,11,1,0,0,0,0,0,0,0,0
1.72541,5,12,0,0,0,0,0,1,0,0,0
2.524854,11,12,0,0,0,0,1,0,0,0,0
1.547507,5,12,0,0,0,0,0,1,0,0,0
1.895961,9,14,0,0,0,1,0,0,0,0,0
0.8200589,8,11,0,0,0,0,1,0,0,0,0
1.401281,7,10,1,0,0,0,0,0,0,0,0
1.786035,8,12,0,0,0,0,0,0,1,0,0
2.566278,5,13,1,0,0,0,0,0,0,0,0
1.797214,7,11,0,0,0,0,0,1,0,0,0
0.5567871,2,11,0,0,0,0,0,0,0,0,1
1.380348,5,12,0,0,0,0,0,0,1,0,0
1.217642,3,12,0,0,0,0,1,0,0,0,0
1.644793,5,15,0,0,0,0,0,0,1,0,0
2.277212,9,12,0,0,0,0,1,0,0,0,0
1.458992,4,11,0,0,0,1,0,0,0,0,0
2.210918,8,12,0,0,0,0,1,0,0,0,0
0.6527733,10,5,0,0,0,0,1,0,0,0,0
1.948775,5,12,0,0,0,1,0,0,0,0,0
1.805182,9,9,0,0,0,0,0,1,0,0,0
0.8620211,3,10,0,0,0,0,0,1,0,0,0
2.112393,9,11,0,0,0,0,1,0,0,0,0
1.450438,3,11,1,0,0,0,0,0,0,0,0
2.281571,8,15,0,1,0,0,0,0,0,0,0
2.043864,5,12,0,0,0,0,1,0,0,0,0
1.781913,9,12,0,0,0,0,1,0,0,0,0
1.244216,4,11,0,0,0,0,1,0,0,0,0
1.235549,8,12,0,0,0,0,1,0,0,0,0
0.934964,11,10,0,0,0,0,0,0,0,0,1
1.07302,9,12,0,0,0,0,1,0,0,0,0
2.156157,4,11,0,0,0,0,1,0,0,0,0
2.384146,10,12,0,0,0,0,1,0,0,0,0
1.278188,6,11,0,0,0,1,0,0,0,0,0
2.016823,7,13,0,1,0,0,0,0,0,0,0
2.201489,3,12,0,0,0,0,1,0,0,0,0
1.840042,2,13,1,0,0,0,0,0,0,0,0
1.957224,2,14,0,0,0,1,0,0,0,0,0
1.391992,6,12,0,0,0,0,0,0,1,0,0
2.645498,9,12,0,0,0,0,0,1,0,0,0
1.601716,6,12,0,0,0,0,0,1,0,0,0
1.30674,11,12,0,0,0,0,1,0,0,0,0
1.443047,4,13,0,0,0,0,0,1,0,0,0
2.405623,6,12,0,1,0,0,0,0,0,0,0
1.732548,12,6,0,0,0,0,0,0,0,0,1
2.333261,7,12,1,0,0,0,0,0,0,0,0
1.772159,6,12,0,0,0,0,0,1,0,0,0
1.58364,8,12,0,0,0,0,1,0,0,0,0
1.79219,6,12,0,0,1,0,0,0,0,0,0
0.8875389,7,12,0,0,0,0,0,0,0,0,1
0.9526954,3,15,1,0,0,0,0,0,0,0,0
1.89467,6,11,1,0,0,0,0,0,0,0,0
1.560803,4,12,0,0,0,0,0,1,0,0,0
0.9997493,8,10,0,0,1,0,0,0,0,0,0
1.490175,9,12,0,0,0,0,1,0,0,0,0
1.336743,7,11,0,0,0,0,0,0,0,0,1
1.988279,6,11,0,0,0,1,0,0,0,0,0
3.037133,8,13,0,0,0,1,0,0,0,0,0
1.364977,11,11,0,0,0,0,1,0,0,0,0
2.043881,9,9,0,0,0,0,1,0,0,0,0
1.935753,8,12,0,0,0,1,0,0,0,0,0
2.015235,4,11,0,0,0,0,1,0,0,0,0
1.952051,10,12,0,0,0,0,1,0,0,0,0
1.682546,6,12,0,0,0,0,0,1,0,0,0
1.49458,9,12,0,0,0,0,0,0,1,0,0
1.547403,6,12,0,0,0,0,0,0,1,0,0
1.946565,12,10,0,0,0,0,0,1,0,0,0
1.870449,7,11,0,0,0,0,1,0,0,0,0
1.440804,5,12,0,0,0,0,0,0,0,0,1
1.935892,10,11,0,0,0,1,0,0,0,0,0
2.010247,5,12,0,1,0,0,0,0,0,0,0
-0.8153648,3,12,0,0,0,0,0,1,0,0,0
1.177036,10,10,0,0,1,0,0,0,0,0,0
1.41754,5,12,0,0,0,1,0,0,0,0,0
1.175839,3,13,0,0,0,0,1,0,0,0,0
1.03413,6,10,0,0,0,0,0,0,0,0,1
1.408414,2,11,0,0,0,1,0,0,0,0,0
1.603409,7,14,0,1,0,0,0,0,0,0,0
1.443203,2,12,0,0,0,1,0,0,0,0,0
1.680458,2,11,0,0,0,1,0,0,0,0,0
1.208735,2,12,0,0,0,0,0,1,0,0,0
1.39722,10,12,0,0,0,0,1,0,0,0,0
2.010241,5,12,0,0,0,0,0,1,0,0,0
0.3267932,6,11,0,0,0,0,0,1,0,0,0
1.170184,6,10,0,0,0,1,0,0,0,0,0
1.089582,3,14,0,0,0,0,0,0,0,1,0
1.219329,7,12,0,1,0,0,0,0,0,0,0
1.502828,3,14,0,1,0,0,0,0,0,0,0
1.820196,7,12,0,0,0,0,0,0,1,0,0
1.434204,6,11,0,0,0,0,0,0,0,0,1
2.515679,6,13,0,0,0,0,0,0,1,0,0
0.8024934,3,11,0,0,0,0,0,0,0,0,1
1.056437,3,11,0,0,0,0,1,0,0,0,0
1.920112,9,10,0,0,0,0,1,0,0,0,0
1.658471,5,13,0,1,0,0,0,0,0,0,0
1.820029,7,14,0,0,0,1,0,0,0,0,0
2.17911,10,12,0,0,0,0,0,0,1,0,0
0.5630944,8,11,0,1,0,0,0,0,0,0,0
1.619708,12,12,0,0,0,0,1,0,0,0,0
1.503203,9,12,0,0,0,0,0,1,0,0,0
1.678757,12,12,0,0,0,0,0,1,0,0,0
1.238076,1,12,0,0,0,0,0,0,1,0,0
1.251297,11,9,0,1,0,0,0,0,0,0,0
1.978011,9,12,0,0,0,1,0,0,0,0,0
1.991017,13,9,0,0,0,0,0,1,0,0,0
1.456473,4,10,0,0,0,1,0,0,0,0,0
1.939345,2,14,0,0,0,0,0,0,0,0,1
1.902575,8,11,0,1,0,0,0,0,0,0,0
1.165137,2,15,0,0,0,0,0,0,0,0,1
1.464256,5,12,0,0,0,0,0,0,0,1,0
1.633753,7,11,0,0,0,0,0,1,0,0,0
1.453962,7,11,0,0,0,1,0,0,0,0,0
2.021071,5,12,0,0,0,1,0,0,0,0,0
1.244216,4,11,0,0,0,0,1,0,0,0,0
1.812689,8,16,0,1,0,0,0,0,0,0,0
0.7713791,4,15,0,0,0,0,0,0,1,0,0
2.140417,9,12,0,0,0,0,1,0,0,0,0
1.534714,6,12,0,0,0,0,0,1,0,0,0
1.362728,5,14,0,0,1,0,0,0,0,0,0
2.130121,7,15,0,0,1,0,0,0,0,0,0
0.7273246,9,12,0,0,0,0,0,1,0,0,0
2.040712,7,12,0,0,0,0,0,0,0,0,1
1.316655,9,13,0,0,0,0,1,0,0,0,0
2.026976,6,12,0,0,0,0,0,1,0,0,0
1.768889,6,12,0,0,0,1,0,0,0,0,0
1.007828,6,12,0,0,0,0,0,0,0,1,0
1.300583,3,12,0,0,0,0,1,0,0,0,0
1.312425,5,12,0,0,0,0,0,0,0,1,0
1.050024,8,12,1,0,0,0,0,0,0,0,0
1.690503,4,11,0,0,0,0,0,0,1,0,0
2.480118,9,12,0,0,0,0,1,0,0,0,0
1.685168,5,12,1,0,0,0,0,0,0,0,0
1.384884,7,12,0,0,0,1,0,0,0,0,0
2.156157,4,11,0,0,0,0,1,0,0,0,0
1.480381,5,11,0,0,0,0,0,0,0,0,1
1.594287,9,14,0,0,0,0,0,0,0,0,1
1.579336,3,12,0,1,0,0,0,0,0,0,0
1.773293,9,12,0,0,0,0,1,0,0,0,0
1.547507,5,12,0,0,0,0,0,1,0,0,0
2.040031,9,12,0,0,0,0,0,1,0,0,0
1.398005,5,11,0,0,0,0,1,0,0,0,0
1.751642,7,12,1,0,0,0,0,0,0,0,0
1.572434,5,12,0,0,0,0,0,0,1,0,0
1.401319,10,12,0,0,0,1,0,0,0,0,0
1.238076,1,12,0,0,0,0,0,0,1,0,0
1.557106,1,13,0,0,0,1,0,0,0,0,0
2.428656,8,15,0,0,0,0,0,0,0,0,1
1.363681,5,12,0,0,0,0,0,1,0,0,0
2.160595,12,12,1,0,0,0,0,0,0,0,0
2.074398,8,10,0,0,0,0,1,0,0,0,0
2.430938,7,14,0,0,0,1,0,0,0,0,0
1.468529,10,8,0,0,0,0,1,0,0,0,0
0.8215002,10,10,0,0,0,0,0,0,0,0,1
1.711406,4,12,0,0,0,0,0,0,1,0,0
1.157053,9,11,0,0,0,0,0,0,0,1,0
1.055036,5,12,0,0,0,0,1,0,0,0,0
1.547531,9,12,0,0,0,0,0,1,0,0,0
1.98228,10,12,0,0,0,0,0,1,0,0,0
1.7742,6,13,0,1,0,0,0,0,0,0,0
1.296785,5,12,0,0,0,0,0,0,1,0,0
0.560658,5,11,0,0,0,0,0,1,0,0,0
1.843193,4,13,0,0,0,0,0,0,0,0,1
1.861753,9,8,0,0,0,0,1,0,0,0,0
1.455614,10,12,0,0,0,0,1,0,0,0,0
1.259204,13,5,0,0,0,0,1,0,0,0,0
1.678223,7,12,0,0,0,0,0,0,1,0,0
2.281383,9,12,0,0,0,0,1,0,0,0,0
2.263612,8,12,0,0,1,0,0,0,0,0,0
1.350717,7,12,0,0,0,0,0,0,1,0,0
1.391689,5,12,0,0,0,0,0,0,0,0,1
2.217754,11,12,0,0,0,0,1,0,0,0,0
2.090276,6,15,1,0,0,0,0,0,0,0,0
1.944911,6,12,0,0,0,0,0,1,0,0,0
1.124416,5,15,0,0,1,0,0,0,0,0,0
1.592994,6,12,0,0,1,0,0,0,0,0,0
1.423654,4,12,0,0,0,0,0,0,1,0,0
1.877294,9,10,0,0,0,0,1,0,0,0,0
1.961678,5,12,0,0,0,0,0,1,0,0,0
1.586764,7,12,0,0,1,0,0,0,0,0,0
1.299566,7,12,0,0,0,0,0,0,0,0,1
1.570451,2,12,1,0,0,0,0,0,0,0,0
1.729724,5,12,0,1,0,0,0,0,0,0,0
0.9920741,3,11,0,0,0,0,0,1,0,0,0
1.622861,9,12,0,0,0,0,1,0,0,0,0
0.7911184,10,11,0,0,0,0,0,1,0,0,0
1.235906,3,10,0,0,0,0,1,0,0,0,0
1.462528,4,12,0,0,0,0,0,0,1,0,0
1.583134,7,14,0,0,0,0,1,0,0,0,0
1.337504,3,15,1,0,0,0,0,0,0,0,0
1.37308,2,14,0,0,0,0,1,0,0,0,0
2.277212,9,12,0,0,0,0,1,0,0,0,0
1.952051,11,12,0,0,0,0,0,0,0,0,1
1.352756,9,11,0,1,0,0,0,0,0,0,0
0.9135168,3,11,0,0,0,1,0,0,0,0,0
1.871162,6,13,1,0,0,0,0,0,0,0,0
1.19404,3,12,0,0,0,0,0,1,0,0,0
1.843053,3,11,0,0,0,1,0,0,0,0,0
2.143966,8,11,0,0,0,0,0,1,0,0,0
2.368725,8,10,0,0,0,0,0,1,0,0,0
0.5130058,9,11,0,0,1,0,0,0,0,0,0
1.517035,4,14,0,0,0,0,1,0,0,0,0
2.368725,8,10,0,0,0,0,0,1,0,0,0
2.125407,8,15,1,0,0,0,0,0,0,0,0
1.708803,7,11,0,0,0,0,1,0,0,0,0
1.921912,7,11,0,0,0,0,0,0,1,0,0
1.94582,10,10,0,0,0,1,0,0,0,0,0
2.30233,7,15,1,0,0,0,0,0,0,0,0
1.175441,2,13,0,0,0,0,0,1,0,0,0
2.202516,8,12,0,1,0,0,0,0,0,0,0
1.809021,9,11,0,0,0,0,1,0,0,0,0
1.521122,6,10,0,0,0,0,0,0,0,0,1
2.044626,9,10,0,0,0,0,0,1,0,0,0
1.568009,3,12,0,0,0,0,1,0,0,0,0
0.6162232,5,10,0,0,0,0,0,0,1,0,0
2.341308,9,14,0,1,0,0,0,0,0,0,0
1.278081,7,11,0,0,0,0,0,0,0,1,0
1.253878,4,10,0,0,0,0,1,0,0,0,0
2.174324,9,12,0,0,0,0,0,1,0,0,0
1.52271,6,12,0,0,0,0,1,0,0,0,0
1.682546,6,12,0,1,0,0,0,0,0,0,0
2.125823,10,12,1,0,0,0,0,0,0,0,0
1.735064,3,14,0,0,0,0,0,0,0,0,1
1.364382,9,12,1,0,0,0,0,0,0,0,0
1.853111,9,12,0,1,0,0,0,0,0,0,0
1.219801,8,10,0,0,0,0,1,0,0,0,0
1.33393,6,13,0,0,0,0,0,1,0,0,0
2.529844,5,14,0,0,1,0,0,0,0,0,0
1.150046,7,12,0,0,0,0,0,0,1,0,0
2.117404,2,12,0,0,0,0,0,0,1,0,0
1.537852,9,11,0,0,0,0,0,0,1,0,0
2.038396,8,12,1,0,0,0,0,0,0,0,0
1.30674,11,12,0,0,0,0,1,0,0,0,0
2.563739,6,12,0,0,0,0,0,1,0,0,0
2.72858,9,13,0,1,0,0,0,0,0,0,0
2.545115,8,13,1,0,0,0,0,0,0,0,0
2.166461,8,11,0,0,0,1,0,0,0,0,0
1.106829,9,5,0,0,0,0,1,0,0,0,0
1.149982,8,12,0,1,0,0,0,0,0,0,0
1.800329,7,12,0,0,0,0,1,0,0,0,0
1.621511,4,12,0,0,0,0,0,1,0,0,0
1.109036,8,11,0,0,0,0,1,0,0,0,0
1.63741,3,11,0,0,1,0,0,0,0,0,0
1.350717,5,12,0,0,0,0,0,1,0,0,0
1.471716,1,13,0,0,0,0,0,0,0,0,1
1.571356,10,11,0,0,0,0,0,1,0,0,0
2.104958,9,15,1,0,0,0,0,0,0,0,0
1.700794,4,12,0,0,0,0,0,1,0,0,0
1.570217,3,12,0,0,0,0,0,1,0,0,0
1.326156,11,12,0,0,0,0,0,0,0,0,1
1.625932,4,12,0,0,0,0,1,0,0,0,0
1.451411,2,12,0,0,0,0,0,1,0,0,0
2.381883,9,11,0,0,0,1,0,0,0,0,0
1.425922,8,11,0,0,0,0,0,0,1,0,0
1.565979,7,12,0,0,1,0,0,0,0,0,0
2.370996,9,13,1,0,0,0,0,0,0,0,0
2.2069,9,12,0,0,0,0,0,1,0,0,0
1.176473,3,12,0,0,0,0,0,1,0,0,0
1.256477,4,12,0,0,1,0,0,0,0,0,0
1.757986,5,11,0,0,0,0,0,1,0,0,0
2.250544,12,8,1,0,0,0,0,0,0,0,0
1.942335,3,12,0,0,0,0,0,0,1,0,0
1.206616,7,9,0,0,0,0,1,0,0,0,0
1.420812,1,12,1,0,0,0,0,0,0,0,0
1.922729,8,12,0,0,0,0,1,0,0,0,0
1.628111,10,12,0,0,0,0,0,0,1,0,0
1.838197,3,12,0,0,0,0,0,1,0,0,0
1.177036,10,10,0,0,1,0,0,0,0,0,0
1.812289,9,10,0,0,0,0,1,0,0,0,0
1.363985,6,15,0,0,1,0,0,0,0,0,0
2.128834,7,10,0,0,0,0,0,0,0,0,1
1.741197,6,12,0,0,0,0,1,0,0,0,0
2.074398,15,6,0,0,0,0,1,0,0,0,0
2.269026,5,14,0,0,0,1,0,0,0,0,0
2.255269,5,13,0,0,0,0,1,0,0,0,0
1.568892,11,12,0,0,0,0,0,0,1,0,0
1.683546,3,10,0,0,0,0,1,0,0,0,0
1.072815,9,12,0,0,0,0,1,0,0,0,0
1.315561,3,10,0,0,0,0,0,1,0,0,0
1.406853,4,14,1,0,0,0,0,0,0,0,0
1.739929,7,13,0,0,0,0,1,0,0,0,0
2.319288,8,15,0,0,1,0,0,0,0,0,0
1.324259,4,11,0,0,0,0,0,1,0,0,0
0.9841682,3,10,0,0,0,0,0,0,1,0,0
1.888944,7,12,0,0,0,0,0,1,0,0,0
1.554618,6,11,0,0,1,0,0,0,0,0,0
1.294198,4,14,0,1,0,0,0,0,0,0,0
1.424867,3,12,0,0,0,0,1,0,0,0,0
1.988927,2,15,1,0,0,0,0,0,0,0,0
1.000118,7,12,0,0,0,0,0,0,0,0,1
1.316655,9,13,0,0,0,0,1,0,0,0,0
1.618998,11,12,0,0,0,0,0,1,0,0,0
1.260085,2,14,0,0,0,0,0,0,0,0,1
1.685116,7,14,0,0,1,0,0,0,0,0,0
2.035432,11,12,1,0,0,0,0,0,0,0,0
1.524607,10,14,0,0,0,1,0,0,0,0,0
1.589145,9,12,0,0,0,0,1,0,0,0,0
1.429428,5,12,0,0,0,0,1,0,0,0,0
1.426978,4,11,0,0,0,0,0,1,0,0,0
2.356251,5,14,0,0,0,1,0,0,0,0,0
1.583134,7,14,0,0,0,0,1,0,0,0,0
2.158679,9,11,0,1,0,0,0,0,0,0,0
1.799961,8,10,0,0,0,1,0,0,0,0,0
1.407178,5,11,0,0,0,0,0,1,0,0,0
1.563827,9,14,0,0,0,0,0,0,0,0,1
1.442384,7,8,0,0,0,0,0,1,0,0,0
1.263471,4,11,1,0,0,0,0,0,0,0,0
2.397895,4,12,0,0,0,0,0,1,0,0,0
1.434204,6,11,0,0,0,0,0,0,0,0,1
1.88368,8,12,0,0,0,1,0,0,0,0,0
2.400075,9,14,1,0,0,0,0,0,0,0,0
1.810723,7,11,0,0,0,0,1,0,0,0,0
2.296639,4,12,0,0,0,0,1,0,0,0,0
1.970228,9,12,0,0,0,0,1,0,0,0,0
1.807325,5,12,1,0,0,0,0,0,0,0,0
1.424867,3,12,0,0,0,0,1,0,0,0,0
1.778827,5,13,0,1,0,0,0,0,0,0,0
2.448014,7,10,0,0,0,0,0,1,0,0,0
1.541165,3,12,0,0,0,1,0,0,0,0,0
1.195536,5,11,0,0,0,1,0,0,0,0,0
1.460391,6,12,0,0,0,1,0,0,0,0,0
1.149982,8,12,0,1,0,0,0,0,0,0,0
1.600138,4,13,0,1,0,0,0,0,0,0,0
1.640533,6,13,1,0,0,0,0,0,0,0,0
2.072512,12,12,0,0,0,0,1,0,0,0,0
1.61283,6,12,0,0,0,0,0,1,0,0,0
2.11153,6,12,0,0,0,0,0,1,0,0,0
2.128834,8,12,0,0,0,0,0,1,0,0,0
0.9843019,8,12,0,0,0,0,0,0,0,0,1
1.583854,11,12,0,0,0,0,1,0,0,0,0
0.0040761,3,12,0,0,0,0,1,0,0,0,0
1.609438,5,12,0,0,0,0,0,1,0,0,0
1.090123,1,11,0,0,0,0,0,0,0,0,1
2.143966,8,11,0,0,0,0,0,1,0,0,0
1.43726,9,12,0,0,0,0,1,0,0,0,0
1.315561,3,10,0,0,0,0,0,1,0,0,0
1.472288,7,10,0,0,0,0,1,0,0,0,0
2.081043,6,13,0,0,1,0,0,0,0,0,0
1.72541,5,12,0,0,0,1,0,0,0,0,0
1.46736,4,10,0,0,0,0,1,0,0,0,0
1.619917,10,12,0,0,0,0,0,0,0,0,1
1.341448,6,12,0,0,0,0,0,0,0,0,1
1.786076,3,12,0,0,0,0,0,1,0,0,0
1.73763,6,11,0,0,0,0,1,0,0,0,0
1.426978,4,11,0,0,0,0,0,1,0,0,0
1.437728,12,7,0,0,0,0,0,0,1,0,0
1.933386,5,14,1,0,0,0,0,0,0,0,0
1.024894,8,12,0,0,0,0,0,1,0,0,0
2.862749,7,14,0,1,0,0,0,0,0,0,0
1.911142,10,8,0,0,0,0,1,0,0,0,0
1.989654,6,10,0,0,0,0,0,0,1,0,0
1.291504,9,10,0,0,0,0,0,1,0,0,0
1.721767,7,12,0,0,0,1,0,0,0,0,0
2.235965,10,12,0,0,1,0,0,0,0,0,0
1.810723,7,11,0,0,0,0,1,0,0,0,0
2.275641,4,15,0,0,0,1,0,0,0,0,0
1.831605,5,12,0,0,0,0,0,1,0,0,0
1.845065,7,12,0,1,0,0,0,0,0,0,0
2.309577,8,11,0,0,0,0,0,1,0,0,0
2.188746,14,6,0,0,0,0,1,0,0,0,0
1.150046,6,11,0,0,0,0,0,1,0,0,0
1.943643,7,10,0,0,0,0,0,0,0,0,1
1.656396,7,13,0,0,0,1,0,0,0,0,0
1.28103,4,12,0,0,0,0,0,0,0,0,1
1.613751,6,11,0,0,0,0,0,0,0,0,1
2.132865,2,15,1,0,0,0,0,0,0,0,0
1.952051,9,13,1,0,0,0,0,0,0,0,0
0.9842217,5,12,0,0,0,0,0,0,0,0,1
1.188704,2,10,0,0,0,0,0,1,0,0,0
2.64253,8,14,0,0,0,1,0,0,0,0,0
1.622108,6,12,0,0,0,0,0,1,0,0,0
1.710364,4,12,0,0,0,0,0,1,0,0,0
1.210621,7,12,0,0,0,0,0,0,0,0,1
0.5945394,1,15,0,0,0,0,0,0,0,0,1
1.160251,5,12,0,1,0,0,0,0,0,0,0
1.720499,10,12,0,0,0,0,0,1,0,0,0
1.463256,14,8,0,0,0,0,0,0,0,1,0
1.972604,9,11,0,1,0,0,0,0,0,0,0
1.720499,10,12,0,0,0,0,0,1,0,0,0
2.244316,6,12,0,0,0,0,0,0,0,0,1
1.137698,5,8,0,0,0,0,0,1,0,0,0
1.182237,10,9,0,0,0,0,0,0,1,0,0
1.992132,5,13,1,0,0,0,0,0,0,0,0
1.580634,8,11,0,0,0,0,0,0,1,0,0
2.288879,8,14,0,1,0,0,0,0,0,0,0
1.086117,4,10,0,0,0,0,0,0,0,0,1
1.828351,4,15,1,0,0,0,0,0,0,0,0
-0.2281868,10,12,0,0,0,0,0,1,0,0,0
2.070805,4,12,1,0,0,0,0,0,0,0,0
0.9820344,6,12,0,0,0,0,0,1,0,0,0
2.043713,7,12,0,0,0,0,0,1,0,0,0
3.099275,8,14,0,0,1,0,0,0,0,0,0
1.654601,5,15,0,0,0,0,0,0,1,0,0
1.548087,5,11,0,0,0,0,1,0,0,0,0
2.03499,3,12,0,0,0,0,0,0,1,0,0
1.347074,10,8,0,0,0,0,0,0,0,0,1
1.53498,5,12,0,0,1,0,0,0,0,0,0
1.070392,6,10,0,0,0,0,0,0,1,0,0
1.711226,4,12,0,0,0,0,0,0,1,0,0
2.238261,2,14,0,0,0,0,0,1,0,0,0
1.82072,5,12,0,1,0,0,0,0,0,0,0
1.085398,6,12,0,0,1,0,0,0,0,0,0
1.425035,10,11,0,0,0,0,0,1,0,0,0
1.288348,8,15,0,1,0,0,0,0,0,0,0
1.059994,5,12,0,0,0,0,0,1,0,0,0
1.608244,6,12,0,0,0,0,0,0,1,0,0
1.838029,6,14,0,1,0,0,0,0,0,0,0
1.466943,2,12,0,0,0,0,0,1,0,0,0
1.72541,5,12,0,0,0,1,0,0,0,0,0
1.708803,8,11,0,0,0,1,0,0,0,0,0
2.174533,5,12,0,0,0,0,1,0,0,0,0
1.842216,3,14,0,0,0,1,0,0,0,0,0
1.94939,5,12,0,0,1,0,0,0,0,0,0
1.370456,8,14,0,1,0,0,0,0,0,0,0
2.130875,5,11,0,0,0,0,1,0,0,0,0
2.088315,7,12,0,0,0,0,0,1,0,0,0
1.203503,6,13,0,0,0,0,0,1,0,0,0
2.452459,6,12,0,0,0,0,0,1,0,0,0
3.096216,4,13,0,1,0,0,0,0,0,0,0
2.040221,4,13,0,0,0,1,0,0,0,0,0
2.793118,9,15,0,0,1,0,0,0,0,0,0
2.386539,5,13,0,0,0,0,1,0,0,0,0
2.278771,3,13,1,0,0,0,0,0,0,0,0
2.454143,9,12,0,0,0,0,0,0,1,0,0
1.698937,7,12,0,0,0,0,0,0,0,0,1
1.859256,5,11,0,0,0,1,0,0,0,0,0
2.043864,4,12,0,0,1,0,0,0,0,0,0
1.555876,6,11,0,0,0,0,0,0,1,0,0
1.557581,9,12,0,0,0,0,1,0,0,0,0
2.014528,7,12,0,0,0,0,0,1,0,0,0
1.180582,8,14,0,1,0,0,0,0,0,0,0
0.8314595,9,12,0,0,0,0,0,0,0,0,1
0.8467833,3,12,1,0,0,0,0,0,0,0,0
2.34427,10,10,0,0,0,0,1,0,0,0,0
2.25672,11,11,0,0,0,0,1,0,0,0,0
2.397604,8,14,0,1,0,0,0,0,0,0,0
0.8325664,9,9,0,0,0,1,0,0,0,0,0
1.641974,3,11,0,0,0,0,1,0,0,0,0
1.200867,11,9,0,0,0,0,0,1,0,0,0
0.2309867,3,14,0,0,0,0,1,0,0,0,0
2.113619,10,12,0,0,0,0,0,1,0,0,0
1.838197,3,12,0,0,0,0,0,1,0,0,0
1.919158,6,13,0,1,0,0,0,0,0,0,0
2.348437,6,12,0,0,0,0,0,1,0,0,0
2.350376,6,12,1,0,0,0,0,0,0,0,0
1.066363,9,11,0,1,0,0,0,0,0,0,0
1.688941,5,13,0,0,0,0,0,0,1,0,0
0.0578495,2,12,0,0,0,0,0,0,0,0,1
1.156882,9,12,0,1,0,0,0,0,0,0,0
2.122507,7,12,0,0,0,1,0,0,0,0,0
2.311155,5,15,1,0,0,0,0,0,0,0,0
2.063185,5,12,0,0,0,0,0,0,1,0,0
0.8537073,3,13,0,0,0,0,0,0,0,0,1
1.992139,8,11,0,0,0,0,0,1,0,0,0
3.397526,9,13,0,1,0,0,0,0,0,0,0
2.414682,9,13,0,1,0,0,0,0,0,0,0
1.437728,12,8,0,0,0,0,0,0,1,0,0
1.44545,7,12,0,0,0,0,0,0,0,0,1
1.169589,3,15,0,0,1,0,0,0,0,0,0
1.964918,10,13,0,0,0,0,0,0,0,0,1
2.459195,8,14,0,0,1,0,0,0,0,0,0
1.440539,10,11,0,0,0,0,0,0,1,0,0
1.815667,5,12,0,0,0,0,1,0,0,0,0
1.462084,5,11,0,0,0,0,1,0,0,0,0
1.966632,12,9,0,0,0,0,0,1,0,0,0
1.230089,5,12,0,0,0,0,1,0,0,0,0
1.60215,4,12,0,0,0,0,1,0,0,0,0
1.875813,2,12,0,0,0,0,0,1,0,0,0
1.689481,5,8,0,0,0,0,1,0,0,0,0
2.143966,8,11,0,0,0,0,0,1,0,0,0
2.059149,9,12,0,1,0,0,0,0,0,0,0
2.309577,8,11,0,0,0,0,0,1,0,0,0
1.568009,3,12,0,0,0,0,1,0,0,0,0
0.8207249,7,10,0,0,0,0,0,0,1,0,0
2.9219,10,12,0,0,0,0,0,1,0,0,0
1.570451,2,12,1,0,0,0,0,0,0,0,0
-0.0695494,5,10,0,0,0,0,1,0,0,0,0
1.669188,9,10,0,0,0,0,1,0,0,0,0
1.763385,8,12,0,0,0,0,0,1,0,0,0
1.610347,10,11,0,1,0,0,0,0,0,0,0
0.5567801,2,15,0,1,0,0,0,0,0,0,0
1.318163,5,12,0,0,0,0,0,0,0,0,1
2.190755,8,13,0,0,0,0,0,0,0,0,1
2.454143,9,12,0,0,0,0,0,0,1,0,0
1.680458,2,11,0,0,0,1,0,0,0,0,0
1.318163,5,12,0,0,0,0,0,0,0,0,1
1.348406,9,12,0,1,0,0,0,0,0,0,0
1.885799,10,12,0,0,0,1,0,0,0,0,0
2.25992,11,13,0,0,0,0,1,0,0,0,0
1.583134,7,14,0,0,0,0,1,0,0,0,0
2.313545,10,12,0,0,0,0,1,0,0,0,0
1.589548,3,13,0,0,0,0,0,1,0,0,0
2.384628,6,13,1,0,0,0,0,0,0,0,0
1.936594,7,12,0,0,0,1,0,0,0,0,0
1.235549,8,12,0,0,0,0,1,0,0,0,0
1.107581,4,11,0,0,0,0,0,0,0,0,1
2.227127,4,14,0,0,0,1,0,0,0,0,0
1.554879,3,13,1,0,0,0,0,0,0,0,0
2.923384,7,13,1,0,0,0,0,0,0,0,0
1.866688,8,12,0,0,0,0,0,1,0,0,0
1.540772,3,12,0,0,0,0,0,0,1,0,0
1.222404,2,15,1,0,0,0,0,0,0,0,0
1.855463,5,13,0,0,1,0,0,0,0,0,0
1.869901,6,12,0,0,0,0,0,1,0,0,0
2.023473,6,15,0,0,0,1,0,0,0,0,0
2.409315,10,10,0,0,0,0,0,0,0,0,1
1.688526,7,8,0,0,0,0,0,0,1,0,0
0.4397843,5,13,0,0,1,0,0,0,0,0,0
1.223149,7,8,0,0,0,0,1,0,0,0,0
2.022467,11,12,1,0,0,0,0,0,0,0,0
2.2641,9,13,0,0,0,1,0,0,0,0,0
1.54331,6,9,0,0,0,0,0,0,1,0,0
1.376632,4,10,0,0,0,1,0,0,0,0,0
0.5122099,6,10,0,0,0,0,0,0,0,0,1
1.401319,10,12,0,0,0,1,0,0,0,0,0
1.444366,9,12,0,0,0,0,0,1,0,0,0
1.120367,17,6,0,1,0,0,0,0,0,0,0
1.101958,3,11,0,0,0,1,0,0,0,0,0
1.494705,4,11,0,0,0,0,1,0,0,0,0
1.448,3,11,0,0,0,1,0,0,0,0,0
1.660606,3,13,0,1,0,0,0,0,0,0,0
2.415343,6,11,0,1,0,0,0,0,0,0,0
1.628366,9,10,0,0,0,0,1,0,0,0,0
1.555876,6,11,0,0,0,0,0,0,1,0,0
2.043864,7,12,0,0,0,0,1,0,0,0,0
1.304899,3,12,0,0,0,0,1,0,0,0,0
1.683546,4,12,0,0,0,0,0,0,1,0,0
0.3391157,6,10,0,0,0,0,0,0,0,0,1
1.891335,2,12,0,0,0,0,0,1,0,0,0
2.216986,9,12,0,0,0,1,0,0,0,0,0
1.116267,5,12,0,0,1,0,0,0,0,0,0
1.740366,7,11,0,0,0,0,0,1,0,0,0
2.307313,4,14,0,0,1,0,0,0,0,0,0
1.440295,5,11,0,0,0,0,0,0,1,0,0
2.454143,9,12,1,0,0,0,0,0,0,0,0
2.370011,5,15,1,0,0,0,0,0,0,0,0
2.454637,6,15,0,0,0,0,0,0,0,0,1
1.072815,10,8,0,0,0,0,1,0,0,0,0
1.476625,8,11,0,0,0,0,0,1,0,0,0
0.5121712,6,10,0,0,0,0,0,0,0,0,1
2.072186,6,12,0,0,0,0,0,1,0,0,0
1.072815,8,12,0,0,0,0,0,1,0,0,0
1.738181,8,15,0,0,0,0,0,0,0,0,1
1.934756,7,8,0,0,0,0,0,1,0,0,0
1.14881,5,14,0,1,0,0,0,0,0,0,0
1.883831,8,11,0,0,0,0,1,0,0,0,0
1.832702,9,8,0,0,0,0,0,0,1,0,0
1.515763,13,8,0,0,0,0,1,0,0,0,0
2.454143,9,14,0,0,0,1,0,0,0,0,0
1.291504,9,10,0,0,0,0,0,1,0,0,0
1.545017,8,12,0,0,0,0,0,1,0,0,0
1.22276,2,11,0,0,1,0,0,0,0,0,0
2.190017,5,12,0,1,0,0,0,0,0,0,0
2.151168,3,12,0,0,0,0,0,1,0,0,0
1.676231,1,14,0,0,0,0,1,0,0,0,0
3.085834,4,15,0,1,0,0,0,0,0,0,0
1.683546,3,11,0,0,0,0,1,0,0,0,0
1.407256,5,12,0,0,0,0,0,0,0,0,1
1.509153,4,12,0,0,0,1,0,0,0,0,0
2.171427,7,11,0,0,0,0,1,0,0,0,0
1.232025,2,11,0,0,0,0,0,0,1,0,0
1.823214,6,12,0,0,0,0,0,1,0,0,0
1.481745,5,12,0,0,0,0,0,0,1,0,0
0.8200589,8,11,0,0,0,0,1,0,0,0,0
0.4749912,3,10,0,0,0,0,0,0,0,0,1
2.299584,10,12,0,0,0,0,1,0,0,0,0
1.199618,10,12,1,0,0,0,0,0,0,0,0
2.154514,2,12,0,0,0,0,0,1,0,0,0
2.208222,2,16,0,0,0,0,1,0,0,0,0
1.241183,2,12,0,0,0,0,0,0,1,0,0
1.156882,9,12,0,1,0,0,0,0,0,0,0
1.19087,2,12,0,0,0,0,0,1,0,0,0
0.823104,7,11,0,1,0,0,0,0,0,0,0
1.074279,6,11,0,0,0,0,0,0,0,1,0
1.985459,8,11,0,0,0,0,1,0,0,0,0
1.682546,5,14,0,0,1,0,0,0,0,0,0
1.283577,6,10,0,0,0,0,0,0,0,0,1
1.476083,4,12,0,1,0,0,0,0,0,0,0
1.23815,9,9,0,0,0,0,1,0,0,0,0
1.859256,5,11,0,0,0,1,0,0,0,0,0
1.332716,10,11,0,0,0,0,0,0,0,0,1
-0.5937817,7,12,0,0,0,0,0,1,0,0,0
2.000533,5,11,0,0,0,0,0,1,0,0,0
1.68065,5,12,0,0,0,0,0,1,0,0,0
1.861079,14,6,0,0,0,0,1,0,0,0,0
1.711493,8,11,0,0,0,0,0,0,0,0,1
1.918696,8,12,0,0,0,0,0,1,0,0,0
2.35569,8,12,0,0,0,0,1,0,0,0,0
0.8200589,8,11,0,0,0,0,1,0,0,0,0
1.580634,8,11,0,0,0,0,0,0,1,0,0
1.356736,3,12,0,0,0,0,1,0,0,0,0
0.607719,8,12,0,0,0,0,0,0,0,0,1
1.202104,6,10,0,0,0,0,1,0,0,0,0
1.595333,8,9,0,0,0,0,0,1,0,0,0
1.339411,2,12,0,0,0,0,0,0,1,0,0
2.040221,3,12,0,0,0,0,0,0,1,0,0
1.733837,10,9,0,0,0,0,0,0,1,0,0
1.920112,10,11,0,1,0,0,0,0,0,0,0
1.46736,6,12,0,0,0,1,0,0,0,0,0
2.647627,6,15,0,1,0,0,0,0,0,0,0
2.058657,8,13,0,0,0,1,0,0,0,0,0
1.782337,2,12,0,0,0,0,0,0,0,0,1
2.657731,10,12,0,0,0,0,0,0,0,0,1
1.417183,2,15,1,0,0,0,0,0,0,0,0
1.18012,2,11,0,1,0,0,0,0,0,0,0
1.952051,13,10,0,0,0,0,1,0,0,0,0
1.631099,4,15,1,0,0,0,0,0,0,0,0
1.169589,3,15,0,0,1,0,0,0,0,0,0
1.202443,10,10,0,0,0,0,0,1,0,0,0
1.69486,11,6,0,0,0,0,0,0,0,0,1
1.836141,9,12,0,0,0,0,0,0,0,0,1
1.754424,7,10,0,0,0,0,0,0,1,0,0
1.715822,8,11,0,0,0,0,0,1,0,0,0
0.2893501,4,10,0,0,0,0,0,0,0,0,1
1.864868,5,13,0,0,0,0,1,0,0,0,0
1.524607,10,11,0,0,0,0,0,0,1,0,0
1.660047,7,12,0,0,0,0,0,1,0,0,0
2.272153,7,12,0,0,0,0,1,0,0,0,0
2.14414,10,12,0,0,0,0,0,1,0,0,0
1.31483,5,14,1,0,0,0,0,0,0,0,0
2.207794,9,12,0,0,0,0,0,1,0,0,0
2.42945,9,14,1,0,0,0,0,0,0,0,0
1.241713,4,12,0,0,0,1,0,0,0,0,0
2.040541,8,12,0,1,0,0,0,0,0,0,0
2.112393,9,11,0,0,0,0,1,0,0,0,0
2.032702,6,12,0,0,0,0,0,0,1,0,0
1.459484,2,12,0,0,0,0,0,0,0,0,1
2.094466,9,12,1,0,0,0,0,0,0,0,0
1.843592,8,15,0,1,0,0,0,0,0,0,0
1.40684,7,11,0,0,0,0,0,0,0,0,1
0.8500413,3,11,1,0,0,0,0,0,0,0,0
1.861542,5,12,0,0,0,0,0,0,1,0,0
1.938935,7,12,0,0,0,0,1,0,0,0,0
2.282292,9,11,1,0,0,0,0,0,0,0,0
2.055537,4,16,0,0,0,0,0,1,0,0,0
1.683883,4,15,0,0,0,1,0,0,0,0,0
1.312425,5,12,0,0,0,0,0,0,0,1,0
1.53585,9,12,0,0,0,0,0,1,0,0,0
1.843193,8,12,0,0,0,0,0,0,0,0,1
1.53069,7,12,0,1,0,0,0,0,0,0,0
2.682278,9,15,0,1,0,0,0,0,0,0,0
1.304899,3,11,0,0,0,0,0,1,0,0,0
1.175223,8,6,0,0,0,0,1,0,0,0,0
1.056601,7,10,0,0,0,0,0,0,0,0,1
1.982567,8,13,1,0,0,0,0,0,0,0,0
1.589628,11,8,0,0,0,0,0,0,0,0,1
2.165839,5,12,0,0,0,0,1,0,0,0,0
0.7742705,3,10,0,0,0,0,0,0,0,0,1
1.02822,7,10,0,0,0,0,0,0,1,0,0
1.657523,13,8,0,0,0,0,0,0,0,1,0
1.400209,3,12,0,0,0,0,1,0,0,0,0
3.011444,7,14,0,0,1,0,0,0,0,0,0
0.820061,9,5,0,0,0,0,0,0,1,0,0
1.689169,8,12,0,0,0,0,0,0,0,0,1
1.060434,7,12,0,0,0,0,0,1,0,0,0
2.309376,10,12,0,0,0,0,0,1,0,0,0
1.32271,4,14,1,0,0,0,0,0,0,0,0
1.41241,7,12,0,0,0,1,0,0,0,0,0
1.775165,8,11,0,0,0,0,0,1,0,0,0
2.119264,6,12,0,0,0,0,0,1,0,0,0
0.6518986,2,11,0,0,0,1,0,0,0,0,0
2.508169,7,13,0,0,1,0,0,0,0,0,0
1.463114,7,9,0,0,1,0,0,0,0,0,0
1.067386,3,10,0,0,0,0,0,0,0,1,0
1.962259,6,12,0,0,0,1,0,0,0,0,0
1.500957,2,14,0,0,0,0,0,0,0,1,0
1.720499,10,12,0,0,0,0,0,1,0,0,0
1.549015,6,10,0,0,0,0,1,0,0,0,0
2.35203,8,11,0,0,1,0,0,0,0,0,0
1.649885,9,10,1,0,0,0,0,0,0,0,0
0.7084505,5,12,0,0,0,0,0,0,0,0,1
1.727523,8,11,0,0,0,0,0,0,0,0,1
1.053912,7,9,0,0,0,0,0,1,0,0,0
1.451502,3,11,0,1,0,0,0,0,0,0,0
1.090265,4,10,0,0,0,0,0,0,0,0,1
1.673063,13,9,0,0,0,1,0,0,0,0,0
1.400487,13,6,1,0,0,0,0,0,0,0,0
1.873734,5,16,0,0,0,0,1,0,0,0,0
0.8535585,1,11,1,0,0,0,0,0,0,0,0
1.99461,9,12,1,0,0,0,0,0,0,0,0
1.998046,2,12,0,0,0,1,0,0,0,0,0
1.980394,6,13,1,0,0,0,0,0,0,0,0
1.665117,6,15,1,0,0,0,0,0,0,0,0
1.456839,10,13,0,0,0,0,0,0,0,0,1
2.21782,4,12,0,0,0,0,0,0,0,0,1
1.784472,5,11,0,0,0,0,0,0,1,0,0
1.8988,7,12,0,0,0,0,1,0,0,0,0
1.342285,9,12,0,0,0,0,1,0,0,0,0
1.302818,5,12,0,0,0,0,0,0,0,0,1
1.844475,10,12,0,0,0,0,1,0,0,0,0
2.046675,8,13,0,0,0,1,0,0,0,0,0
1.680153,6,15,0,0,0,0,0,1,0,0,0
1.498433,8,12,0,0,0,0,0,1,0,0,0
2.406504,9,12,0,0,0,0,1,0,0,0,0
2.176106,10,11,0,0,0,0,1,0,0,0,0
1.596362,9,12,0,0,0,0,1,0,0,0,0
2.275641,4,15,0,0,0,1,0,0,0,0,0
0.9484363,7,10,1,0,0,0,0,0,0,0,0
1.733837,10,9,0,0,0,0,0,0,1,0,0
1.342639,8,6,0,0,0,0,0,1,0,0,0
2.043009,2,15,1,0,0,0,0,0,0,0,0
1.071484,5,14,0,0,1,0,0,0,0,0,0
1.910543,7,13,0,0,0,0,1,0,0,0,0
1.320756,7,11,0,0,0,0,0,0,1,0,0
0.8257647,8,11,0,0,0,0,1,0,0,0,0
2.099785,9,12,0,0,0,0,0,1,0,0,0
2.053644,8,10,0,0,0,0,0,0,0,0,1
0.2062864,2,10,0,0,0,0,0,0,1,0,0
2.346576,9,12,0,0,0,0,1,0,0,0,0
1.224856,2,11,0,0,0,0,0,0,1,0,0
2.114796,7,13,0,0,0,0,1,0,0,0,0
1.509607,4,14,1,0,0,0,0,0,0,0,0
1.293391,6,8,0,0,0,0,0,0,0,1,0
1.683546,3,10,0,0,0,0,1,0,0,0,0
2.153829,5,10,0,0,0,1,0,0,0,0,0
1.106141,7,7,0,0,0,0,0,0,1,0,0
2.017406,4,12,0,0,0,0,0,1,0,0,0
1.527013,9,12,0,0,0,0,0,0,0,0,1
2.733778,6,10,0,0,0,0,0,0,1,0,0
2.044933,5,11,0,0,0,0,0,1,0,0,0
1.57272,4,12,0,0,0,0,0,1,0,0,0
2.41644,4,15,0,0,0,1,0,0,0,0,0
1.484659,13,9,0,0,0,0,1,0,0,0,0
1.622022,8,13,0,1,0,0,0,0,0,0,0
1.387896,7,11,0,0,0,0,0,1,0,0,0
1.461625,2,12,0,0,0,1,0,0,0,0,0
2.069254,8,12,0,0,0,0,0,1,0,0,0
1.069198,5,9,0,0,0,0,1,0,0,0,0
1.95448,6,11,1,0,0,0,0,0,0,0,0
1.961658,3,12,0,0,0,0,0,1,0,0,0
2.089921,10,12,1,0,0,0,0,0,0,0,0
2.066472,8,12,0,1,0,0,0,0,0,0,0
1.000915,5,12,0,0,0,0,0,1,0,0,0
1.448,9,8,0,0,0,0,0,0,0,0,1
2.154829,8,12,0,0,0,0,0,1,0,0,0
1.335449,5,13,0,0,0,0,0,0,0,0,1
1.357124,6,12,0,1,0,0,0,0,0,0,0
2.290006,3,11,0,0,0,1,0,0,0,0,0
2.259862,6,14,0,0,0,1,0,0,0,0,0
1.099373,6,10,0,0,0,0,0,0,0,0,1
2.073496,5,12,0,0,0,0,1,0,0,0,0
1.301463,9,10,0,0,1,0,0,0,0,0,0
1.682627,5,12,0,0,0,0,1,0,0,0,0
1.820029,9,12,0,0,0,0,0,0,1,0,0
1.14484,6,9,0,0,0,0,0,1,0,0,0
1.657751,7,12,0,0,0,0,0,1,0,0,0
2.691429,7,15,1,0,0,0,0,0,0,0,0
1.966351,6,12,0,0,0,0,1,0,0,0,0
1.977487,8,12,1,0,0,0,0,0,0,0,0
1.547218,6,12,0,0,0,1,0,0,0,0,0
1.580634,8,11,0,0,0,0,0,0,1,0,0
1.347074,5,12,0,0,0,1,0,0,0,0,0
2.349749,7,12,0,0,0,0,1,0,0,0,0
2.183852,11,12,0,0,0,0,0,0,0,0,1
1.455807,7,10,0,0,1,0,0,0,0,0,0
1.185724,8,9,0,0,0,0,1,0,0,0,0
1.394864,7,12,0,0,0,0,0,0,0,0,1
2.216986,9,12,0,0,0,1,0,0,0,0,0
1.559191,6,13,0,1,0,0,0,0,0,0,0
2.375694,6,14,1,0,0,0,0,0,0,0,0
1.760996,11,12,0,0,0,0,0,0,0,0,1
1.929381,6,12,0,0,0,0,1,0,0,0,0
1.290794,7,11,0,0,0,1,0,0,0,0,0
1.919158,6,13,0,1,0,0,0,0,0,0,0
1.573538,8,13,0,0,1,0,0,0,0,0,0
1.554713,3,15,0,0,0,0,0,1,0,0,0
2.134204,11,13,0,1,0,0,0,0,0,0,0
1.675962,4,13,0,1,0,0,0,0,0,0,0
1.214584,5,9,0,0,0,0,1,0,0,0,0
1.861079,11,12,0,0,0,0,0,0,1,0,0
2.023542,4,12,0,0,0,0,0,1,0,0,0
1.53485,7,10,0,0,0,0,1,0,0,0,0
1.89467,6,11,1,0,0,0,0,0,0,0,0
1.024894,8,12,0,0,0,0,0,1,0,0,0
0.5125538,5,12,0,0,0,1,0,0,0,0,0
1.56033,4,16,1,0,0,0,0,0,0,0,0
2.598837,8,13,0,0,1,0,0,0,0,0,0
1.650552,6,12,0,0,0,0,0,0,0,0,1
1.949764,3,15,1,0,0,0,0,0,0,0,0
1.502267,5,10,0,0,0,0,1,0,0,0,0
0.9716644,13,8,0,0,0,0,0,0,1,0,0
2.386539,5,13,0,0,0,0,1,0,0,0,0
1.9003,14,8,0,0,0,0,1,0,0,0,0
1.475532,9,12,0,0,0,0,1,0,0,0,0
1.142201,7,11,0,0,0,1,0,0,0,0,0
1.610093,8,13,0,0,0,1,0,0,0,0,0
2.298619,11,12,0,0,0,0,1,0,0,0,0
1.547403,6,12,0,0,0,0,1,0,0,0,0
1.233745,4,11,0,0,0,1,0,0,0,0,0
1.393294,10,10,0,0,0,0,1,0,0,0,0
1.949175,6,10,0,0,0,0,1,0,0,0,0
2.122767,4,11,0,0,0,0,1,0,0,0,0
1.342639,8,6,0,0,0,0,0,1,0,0,0
1.733726,12,12,0,0,0,0,0,0,0,0,1
1.62005,6,12,0,0,0,0,1,0,0,0,0
2.369424,7,12,0,0,0,0,1,0,0,0,0
1.601883,1,11,0,0,0,0,0,0,0,0,1
1.775165,8,11,0,0,0,0,0,1,0,0,0
1.296499,6,15,0,1,0,0,0,0,0,0,0
1.78345,9,12,1,0,0,0,0,0,0,0,0
1.529395,2,11,0,0,0,0,0,0,1,0,0
1.558776,9,12,0,0,0,0,0,1,0,0,0
1.060782,11,9,0,0,0,0,0,0,1,0,0
0.9480026,10,10,1,0,0,0,0,0,0,0,0
1.311603,6,9,0,0,0,0,1,0,0,0,0
1.772866,9,13,0,1,0,0,0,0,0,0,0
1.213384,3,9,0,0,0,0,0,0,1,0,0
1.736114,4,11,1,0,0,0,0,0,0,0,0
1.755042,5,12,0,0,0,0,0,0,1,0,0
1.296499,6,15,0,1,0,0,0,0,0,0,0
2.062085,7,13,0,0,0,0,1,0,0,0,0
1.003104,3,13,0,0,1,0,0,0,0,0,0
1.650552,6,12,0,0,0,0,0,0,0,0,1
1.232509,7,11,0,0,0,0,0,0,1,0,0
1.056437,2,12,0,0,0,0,0,1,0,0,0
1.195634,7,14,0,0,0,0,0,0,0,1,0
1.745894,11,12,0,0,0,0,0,1,0,0,0
1.799961,10,11,0,0,0,0,1,0,0,0,0
1.359861,2,14,0,0,0,1,0,0,0,0,0
1.802116,7,11,0,0,1,0,0,0,0,0,0
1.920579,11,9,0,0,0,0,1,0,0,0,0
2.774627,9,13,0,1,0,0,0,0,0,0,0
3.011444,7,14,0,0,1,0,0,0,0,0,0
1.076831,5,11,0,0,0,0,0,0,0,1,0
1.576951,11,8,0,0,0,0,1,0,0,0,0
1.851255,10,12,0,0,0,0,0,1,0,0,0
1.351703,5,10,0,0,0,1,0,0,0,0,0
2.400075,9,14,1,0,0,0,0,0,0,0,0
1.606407,7,12,0,0,0,0,0,0,0,0,1
2.048726,2,13,0,0,0,0,1,0,0,0,0
1.680153,6,15,0,0,0,0,0,1,0,0,0
1.649739,3,9,0,0,0,0,0,0,1,0,0
1.992477,9,12,0,0,0,1,0,0,0,0,0
2.309376,10,12,0,0,0,0,0,1,0,0,0
1.406287,8,11,0,0,0,1,0,0,0,0,0
1.631099,4,15,1,0,0,0,0,0,0,0,0
2.125711,7,14,0,1,0,0,0,0,0,0,0
1.607972,7,13,1,0,0,0,0,0,0,0,0
1.039099,10,11,0,0,0,0,1,0,0,0,0
2.148761,11,12,0,0,0,0,0,1,0,0,0
2.390996,4,14,0,0,0,1,0,0,0,0,0
1.821137,5,12,0,0,0,0,0,0,1,0,0
2.035432,9,10,0,0,0,0,0,0,0,0,1
2.062142,4,14,0,0,0,1,0,0,0,0,0
1.696641,4,14,1,0,0,0,0,0,0,0,0
1.963839,9,12,0,0,0,1,0,0,0,0,0
1.843053,3,11,0,0,0,1,0,0,0,0,0
1.37308,2,14,0,0,0,0,1,0,0,0,0
1.58364,8,12,0,0,0,0,1,0,0,0,0
1.936704,10,9,0,0,0,0,0,0,1,0,0
1.980394,6,13,1,0,0,0,0,0,0,0,0
1.178336,1,12,0,0,0,0,0,0,0,0,1
1.345229,7,10,0,0,0,0,0,0,1,0,0
2.226162,6,15,0,1,0,0,0,0,0,0,0
2.130743,10,12,0,0,0,0,1,0,0,0,0
1.474907,13,8,0,0,0,0,1,0,0,0,0
1.462085,4,10,0,0,0,0,0,0,0,0,1
1.362458,10,12,0,0,0,1,0,0,0,0,0
2.966106,7,15,1,0,0,0,0,0,0,0,0
1.692522,6,13,1,0,0,0,0,0,0,0,0
2.179983,3,12,0,0,0,0,0,1,0,0,0
1.194742,3,8,0,0,0,0,0,0,0,0,1
1.364316,3,14,0,0,0,0,0,0,0,0,1
2.074653,9,11,1,0,0,0,0,0,0,0,0
2.152735,7,14,0,1,0,0,0,0,0,0,0
2.189776,9,12,0,0,0,0,0,1,0,0,0
1.627983,7,12,0,0,0,0,0,0,1,0,0
1.720072,7,10,0,0,0,1,0,0,0,0,0
1.401319,10,12,0,0,0,1,0,0,0,0,0
2.688983,14,9,0,0,0,0,0,1,0,0,0
0.6876822,4,10,0,0,0,0,0,1,0,0,0
1.929643,6,11,0,0,0,0,1,0,0,0,0
1.764682,9,12,0,0,0,0,0,0,1,0,0
1.547403,4,11,0,0,0,0,0,0,0,0,1
1.42149,3,12,0,0,0,0,1,0,0,0,0
1.462543,13,8,0,0,0,0,0,1,0,0,0
1.905983,10,12,0,0,0,0,0,1,0,0,0
1.914808,4,11,0,0,0,0,0,1,0,0,0
1.832702,9,8,0,0,0,0,0,0,1,0,0
2.201489,3,15,1,0,0,0,0,0,0,0,0
1.99461,11,12,0,0,0,0,0,1,0,0,0
1.435686,8,12,0,0,0,0,0,0,1,0,0
1.759842,10,11,0,0,0,0,1,0,0,0,0
-1.216737,3,11,0,0,0,0,0,0,0,0,1
1.629912,2,11,0,0,0,1,0,0,0,0,0
1.188017,5,12,0,0,0,0,0,0,0,0,1
1.552004,5,12,0,0,0,0,0,1,0,0,0
2.464614,10,12,0,1,0,0,0,0,0,0,0
2.223894,9,12,0,0,0,0,0,1,0,0,0
1.372461,4,15,1,0,0,0,0,0,0,0,0
1.784472,2,11,0,0,0,0,1,0,0,0,0
1.615795,4,13,0,0,0,0,0,1,0,0,0
1.514647,9,12,0,0,0,0,0,0,1,0,0
1.339218,5,12,0,0,1,0,0,0,0,0,0
1.727523,8,11,0,0,0,0,0,0,0,0,1
1.9804,8,12,0,1,0,0,0,0,0,0,0
1.392662,4,12,0,0,0,0,0,1,0,0,0
1.150046,5,12,0,0,0,0,0,1,0,0,0
1.658858,6,12,0,0,1,0,0,0,0,0,0
2.657731,10,12,0,0,0,0,0,0,0,0,1
1.580543,11,12,0,0,0,0,0,0,1,0,0
1.580543,11,12,0,0,0,0,0,0,1,0,0
1.481745,5,12,0,0,0,0,0,0,1,0,0
1.815667,4,12,1,0,0,0,0,0,0,0,0
2.650142,5,12,0,0,0,0,0,1,0,0,0
2.040221,4,13,0,0,0,1,0,0,0,0,0
1.504885,16,6,0,0,0,0,1,0,0,0,0
1.851255,11,12,0,0,0,0,0,0,0,0,1
0.880942,9,9,0,0,0,0,1,0,0,0,0
1.052747,8,12,0,0,1,0,0,0,0,0,0
1.420731,1,16,0,0,0,0,0,0,0,0,1
2.232078,7,11,0,0,0,1,0,0,0,0,0
1.882872,9,10,1,0,0,0,0,0,0,0,0
1.204113,5,12,0,0,0,0,0,1,0,0,0
1.964308,3,12,0,0,0,0,1,0,0,0,0
1.33393,6,13,0,0,0,0,0,1,0,0,0
2.044514,7,11,0,0,0,0,0,0,1,0,0
2.066069,9,14,0,0,0,0,0,0,0,0,1
1.740914,5,12,0,0,0,0,0,1,0,0,0
-0.0327898,7,11,0,0,0,0,0,0,1,0,0
1.147183,1,16,1,0,0,0,0,0,0,0,0
2.343089,4,15,1,0,0,0,0,0,0,0,0
1.14881,5,14,0,1,0,0,0,0,0,0,0
0.2062864,2,10,0,0,0,0,0,0,1,0,0
1.854397,8,12,0,0,0,0,0,0,1,0,0
1.952794,8,11,0,0,0,0,0,1,0,0,0
2.154514,2,12,0,0,0,0,0,1,0,0,0
1.235464,7,8,0,0,0,0,0,0,1,0,0
2.024953,3,12,0,0,0,0,0,1,0,0,0
1.934756,7,8,0,0,0,0,0,1,0,0,0
1.433213,4,14,0,0,0,0,0,0,0,0,1
1.965574,7,12,0,0,1,0,0,0,0,0,0
1.903118,4,12,0,0,0,0,0,0,1,0,0
2.404368,8,11,0,0,0,0,0,1,0,0,0
0.8915284,2,14,0,0,0,1,0,0,0,0,0
0.6998573,3,11,0,0,0,0,1,0,0,0,0
2.657731,10,12,0,0,0,0,0,0,0,0,1
1.291504,9,10,0,0,0,0,0,1,0,0,0
0.7042202,7,14,0,0,0,0,0,0,0,0,1
1.293391,6,8,0,0,0,0,0,0,0,1,0
1.688419,8,14,0,0,0,1,0,0,0,0,0
1.35148,1,15,0,0,0,0,0,0,0,0,1
1.978185,4,15,0,0,0,0,0,0,0,0,1
1.592909,3,12,0,0,0,0,0,0,0,0,1
1.630321,3,14,0,0,0,0,0,0,1,0,0
1.579028,3,12,0,0,0,1,0,0,0,0,0
2.560215,6,14,0,1,0,0,0,0,0,0,0
1.966632,12,9,0,0,0,0,0,1,0,0,0
1.930072,9,12,0,1,0,0,0,0,0,0,0
1.654456,2,13,0,0,0,0,0,1,0,0,0
2.57718,11,12,0,0,0,0,1,0,0,0,0
1.547403,6,12,0,0,0,0,1,0,0,0,0
1.813514,7,13,0,1,0,0,0,0,0,0,0
1.049505,10,10,0,0,0,0,0,0,0,0,1
1.233745,4,11,0,0,0,1,0,0,0,0,0
2.733778,6,10,0,0,0,0,0,0,1,0,0
1.786971,11,12,0,1,0,0,0,0,0,0,0
1.289394,1,11,0,0,0,0,0,0,1,0,0
1.874825,7,12,0,0,0,0,1,0,0,0,0
1.934358,2,15,0,0,0,0,0,0,1,0,0
1.440539,10,12,0,0,0,0,0,1,0,0,0
2.001,9,12,0,0,0,0,1,0,0,0,0
1.570217,5,12,0,0,0,0,1,0,0,0,0
2.035432,11,12,0,0,0,0,0,1,0,0,0
2.490345,10,12,0,0,0,0,1,0,0,0,0
2.520876,6,12,0,0,0,0,1,0,0,0,0
0.5838037,4,10,0,0,0,1,0,0,0,0,0
1.409814,8,12,1,0,0,0,0,0,0,0,0
2.113619,10,12,0,0,0,0,0,1,0,0,0
1.044562,5,14,0,0,0,0,0,0,1,0,0
1.952051,9,12,0,0,0,0,1,0,0,0,0
1.190911,7,10,0,0,0,0,0,1,0,0,0
1.712603,9,12,0,0,0,0,0,0,1,0,0
1.340429,8,12,0,1,0,0,0,0,0,0,0
1.420812,1,12,1,0,0,0,0,0,0,0,0
1.134671,4,10,0,0,0,0,1,0,0,0,0
2.282292,11,12,0,0,0,1,0,0,0,0,0
1.961678,5,12,0,0,0,0,0,1,0,0,0
1.676231,1,14,0,0,0,0,1,0,0,0,0
2.026976,2,16,1,0,0,0,0,0,0,0,0
1.420649,7,12,0,0,0,1,0,0,0,0,0
1.929574,8,12,0,0,0,0,1,0,0,0,0
1.461625,2,12,0,0,0,1,0,0,0,0,0
1.989663,8,12,0,0,0,0,1,0,0,0,0
1.656602,7,12,0,0,0,0,1,0,0,0,0
1.380348,5,12,0,0,0,0,0,0,1,0,0
1.14355,7,12,0,0,0,0,0,0,0,1,0
1.671143,3,11,0,0,0,0,0,1,0,0,0
1.416758,8,12,0,0,0,1,0,0,0,0,0
1.952051,10,10,0,1,0,0,0,0,0,0,0
2.128232,2,14,1,0,0,0,0,0,0,0,0
1.772866,9,13,0,1,0,0,0,0,0,0,0
1.57749,7,12,0,0,0,1,0,0,0,0,0
1.680525,1,12,0,0,0,1,0,0,0,0,0
1.184428,5,12,0,0,0,0,0,1,0,0,0
2.140562,5,12,0,0,0,1,0,0,0,0,0
0.8542553,7,10,0,0,0,0,0,0,0,0,1
1.936594,7,12,0,0,0,1,0,0,0,0,0
2.112709,2,12,0,0,0,0,0,1,0,0,0
1.688991,11,12,0,0,0,0,0,1,0,0,0
2.225134,12,12,1,0,0,0,0,0,0,0,0
0.9463205,5,11,0,0,0,0,0,0,0,0,1
1.139698,3,14,0,0,0,0,0,0,0,0,1
1.462084,5,11,0,0,0,0,1,0,0,0,0
-1.103047,2,13,0,0,0,1,0,0,0,0,0
1.768889,6,12,0,0,0,1,0,0,0,0,0
2.237485,4,13,1,0,0,0,0,0,0,0,0
2.222542,5,12,0,0,0,0,1,0,0,0,0
0.8024934,3,11,0,0,0,0,0,0,0,0,1
1.903898,7,13,0,0,0,0,0,0,0,0,1
1.696498,4,12,0,0,0,1,0,0,0,0,0
1.877426,4,14,0,0,0,1,0,0,0,0,0
1.294198,4,14,0,1,0,0,0,0,0,0,0
1.843193,5,12,0,0,0,0,0,1,0,0,0
2.110339,8,13,0,0,0,0,1,0,0,0,0
1.918448,9,12,0,0,0,0,1,0,0,0,0
1.437728,5,12,0,0,0,0,0,1,0,0,0
0.8467833,3,12,1,0,0,0,0,0,0,0,0
2.250544,12,8,1,0,0,0,0,0,0,0,0
1.351197,8,12,0,0,0,0,0,1,0,0,0
3.221941,9,14,0,1,0,0,0,0,0,0,0
1.669321,4,14,0,1,0,0,0,0,0,0,0
0.8257647,8,11,0,0,0,0,1,0,0,0,0
2.154829,8,12,0,0,0,0,0,1,0,0,0
1.324259,4,11,0,0,0,0,0,1,0,0,0
2.370432,9,11,0,0,0,0,0,1,0,0,0
1.214584,5,13,0,0,0,1,0,0,0,0,0
1.470518,6,11,0,0,0,1,0,0,0,0,0
2.587817,6,15,0,1,0,0,0,0,0,0,0
-0.6700455,5,11,0,0,0,0,0,0,1,0,0
1.862029,5,12,0,0,0,0,1,0,0,0,0
1.609438,3,11,0,0,0,0,0,0,0,0,1
2.074398,8,13,0,1,0,0,0,0,0,0,0
2.457209,9,12,0,0,0,0,0,1,0,0,0
1.066488,2,14,0,0,0,0,0,1,0,0,0
0.3128518,9,12,1,0,0,0,0,0,0,0,0
1.54331,4,12,0,0,0,0,0,1,0,0,0
3.397526,9,13,0,1,0,0,0,0,0,0,0
2.600746,9,12,0,1,0,0,0,0,0,0,0
2.602089,9,15,0,0,0,0,0,0,0,0,1
1.520969,4,12,0,0,0,1,0,0,0,0,0
1.527033,7,14,0,0,0,1,0,0,0,0,0
0.5895947,3,13,0,0,0,1,0,0,0,0,0
-0.2209188,3,11,0,0,0,0,0,0,0,0,1
1.989663,8,12,0,0,0,0,1,0,0,0,0
1.386847,2,12,0,0,0,0,0,0,0,0,1
0.9807901,7,13,0,0,0,0,1,0,0,0,0
0.9820344,6,12,0,0,0,0,0,1,0,0,0
1.978011,9,12,0,0,0,1,0,0,0,0,0
1.720499,10,12,0,0,0,0,0,1,0,0,0
1.710364,4,12,0,0,0,0,0,1,0,0,0
1.114503,6,15,1,0,0,0,0,0,0,0,0
1.193531,7,12,0,0,0,0,0,0,0,0,1
0.7967049,4,12,0,1,0,0,0,0,0,0,0
1.802116,7,11,0,0,1,0,0,0,0,0,0
1.876349,3,12,0,0,0,0,1,0,0,0,0
2.05411,6,13,0,0,0,0,0,0,0,0,1
1.524961,3,12,0,0,0,0,0,0,0,0,1
0.2311127,10,9,0,0,0,0,0,0,1,0,0
2.171697,8,12,0,0,0,0,1,0,0,0,0
2.044933,5,11,0,0,0,0,0,1,0,0,0
2.231142,8,12,0,1,0,0,0,0,0,0,0
1.059994,5,12,0,0,0,0,0,1,0,0,0
1.273485,9,9,0,0,0,0,1,0,0,0,0
1.771957,3,15,1,0,0,0,0,0,0,0,0
1.975562,9,10,0,0,0,0,0,1,0,0,0
1.39191,1,12,0,0,0,0,0,1,0,0,0
0.9688702,4,12,0,0,0,0,0,0,0,0,1
1.474907,13,8,0,0,0,0,0,0,0,0,1
1.326156,11,12,0,0,0,0,0,0,0,0,1
2.72858,9,13,0,1,0,0,0,0,0,0,0
1.524607,10,11,0,0,0,0,0,0,1,0,0
1.448783,6,13,0,1,0,0,0,0,0,0,0
1.442384,5,9,0,0,0,0,0,1,0,0,0
1.444379,12,11,0,0,0,0,1,0,0,0,0
0.8992493,5,12,0,0,0,0,0,0,0,0,1
0.5945394,1,15,0,0,0,0,0,0,0,0,1
1.491525,14,8,0,0,0,0,0,0,0,0,1
2.650142,5,12,0,0,0,0,0,1,0,0,0
2.238492,9,13,1,0,0,0,0,0,0,0,0
2.454143,9,12,1,0,0,0,0,0,0,0,0
1.647449,3,12,1,0,0,0,0,0,0,0,0
2.417905,10,12,1,0,0,0,0,0,0,0,0
-0.1488456,3,11,0,0,0,0,0,0,0,0,1
1.934489,8,15,0,0,0,0,1,0,0,0,0
0.7317799,6,12,0,0,0,0,0,0,0,0,1
1.90569,6,13,1,0,0,0,0,0,0,0,0
0.36179,3,11,0,0,0,0,0,0,1,0,0
1.991017,8,12,0,0,0,0,1,0,0,0,0
1.668252,5,12,0,0,0,0,0,1,0,0,0
1.818555,5,12,0,0,0,1,0,0,0,0,0
2.174104,5,11,0,0,0,1,0,0,0,0,0
1.250571,4,10,0,0,0,0,0,1,0,0,0
0.450201,5,12,0,0,0,0,0,1,0,0,0
1.812289,8,13,0,1,0,0,0,0,0,0,0
1.240877,5,12,0,0,0,0,0,0,0,0,1
1.492421,7,12,0,1,0,0,0,0,0,0,0
1.920112,11,10,0,0,0,0,0,1,0,0,0
2.104254,9,12,0,1,0,0,0,0,0,0,0
1.494304,9,8,0,0,0,0,1,0,0,0,0
2.350827,9,12,0,0,0,0,0,1,0,0,0
1.186673,11,8,0,0,0,0,0,0,0,1,0
1.833491,9,12,0,0,0,0,0,1,0,0,0
1.307421,7,8,0,0,0,0,0,1,0,0,0
1.160251,5,12,0,1,0,0,0,0,0,0,0
1.22276,2,11,0,0,1,0,0,0,0,0,0
1.108775,13,10,0,0,0,0,1,0,0,0,0
1.779337,6,8,0,0,0,1,0,0,0,0,0
0.3128518,9,12,1,0,0,0,0,0,0,0,0
1.812289,11,13,0,0,0,1,0,0,0,0,0
1.556777,11,9,0,0,0,0,0,1,0,0,0
1.349577,6,9,0,0,0,0,0,1,0,0,0
2.414682,9,13,0,1,0,0,0,0,0,0,0
1.494423,6,12,0,0,0,0,0,0,0,0,1
1.725366,7,12,0,0,0,0,0,0,0,0,1
1.913385,10,12,0,0,0,0,1,0,0,0,0
1.370135,11,6,0,0,0,0,0,1,0,0,0
2.454143,9,12,0,0,0,0,0,0,1,0,0
2.723037,7,15,0,0,0,1,0,0,0,0,0
2.910901,12,11,0,0,0,0,1,0,0,0,0
1.260502,3,14,0,0,0,1,0,0,0,0,0
0.36179,3,11,0,0,0,0,0,0,1,0,0
2.000044,2,12,0,0,0,0,0,1,0,0,0
2.094466,7,12,0,1,0,0,0,0,0,0,0
1.90386,6,11,0,0,0,0,1,0,0,0,0
1.660047,7,12,0,0,0,0,0,1,0,0,0
2.277212,9,12,0,0,0,0,1,0,0,0,0
2.207794,9,12,0,0,0,0,0,1,0,0,0
1.463256,14,8,0,0,0,0,0,0,0,1,0
0.8875389,7,12,0,0,0,0,0,0,0,0,1
1.055036,5,12,0,0,0,0,1,0,0,0,0
1.523016,6,14,0,0,0,0,0,0,0,0,1
1.90386,6,11,0,0,0,0,1,0,0,0,0
1.742017,4,13,0,0,0,1,0,0,0,0,0
1.706928,9,12,0,0,0,0,0,1,0,0,0
1.598286,6,11,0,1,0,0,0,0,0,0,0
1.877294,9,10,0,0,0,0,1,0,0,0,0
1.180608,11,11,0,0,0,0,0,1,0,0,0
1.543916,7,12,0,0,0,0,1,0,0,0,0
1.400487,13,6,1,0,0,0,0,0,0,0,0
1.282688,8,10,0,0,0,0,0,0,1,0,0
2.242028,7,15,1,0,0,0,0,0,0,0,0
1.62053,5,12,0,0,0,1,0,0,0,0,0
1.67174,5,12,0,0,0,0,1,0,0,0,0
1.367037,6,8,0,0,0,0,0,1,0,0,0
1.723421,8,12,0,0,0,0,0,1,0,0,0
1.02862,6,11,0,1,0,0,0,0,0,0,0
2.650142,5,12,0,0,0,0,0,1,0,0,0
1.233231,2,12,0,0,0,0,0,1,0,0,0
1.817077,4,12,0,0,0,0,0,0,1,0,0
1.478612,14,6,0,0,0,0,0,0,0,0,1
2.128834,6,11,1,0,0,0,0,0,0,0,0
1.171249,2,12,0,0,0,0,0,0,0,0,1
1.778061,8,8,0,0,0,0,0,1,0,0,0
1.82072,5,12,0,1,0,0,0,0,0,0,0
1.556213,2,13,0,0,0,0,0,0,1,0,0
1.939205,6,8,0,0,0,0,0,1,0,0,0
1.497271,3,12,0,0,0,0,0,1,0,0,0
0.966762,3,11,0,0,0,0,0,1,0,0,0
1.121921,11,12,0,0,0,0,0,1,0,0,0
1.599519,3,15,0,0,0,1,0,0,0,0,0
1.617106,6,12,0,0,0,0,0,0,1,0,0
1.114163,8,12,0,0,0,0,0,0,1,0,0
2.231142,8,12,0,1,0,0,0,0,0,0,0
0.880942,9,9,0,0,0,0,1,0,0,0,0
1.647449,3,12,1,0,0,0,0,0,0,0,0
1.362525,12,9,0,0,0,1,0,0,0,0,0
1.372461,4,15,1,0,0,0,0,0,0,0,0
1.415847,6,11,0,0,0,0,0,0,0,0,1
1.591879,6,14,1,0,0,0,0,0,0,0,0
1.441596,4,14,0,1,0,0,0,0,0,0,0
0.6867676,8,14,0,0,0,0,0,0,1,0,0
1.922729,8,12,0,0,0,0,1,0,0,0,0
1.770957,8,12,0,0,0,0,0,1,0,0,0
1.094869,2,12,0,0,0,0,1,0,0,0,0
1.800329,6,10,0,0,0,0,1,0,0,0,0
2.108424,8,11,0,0,0,0,1,0,0,0,0
0.9816717,2,11,0,0,0,0,0,0,0,0,1
1.261333,6,12,0,0,0,0,0,0,0,0,1
1.747149,9,11,0,0,1,0,0,0,0,0,0
1.8988,7,12,0,0,0,0,1,0,0,0,0
1.784046,7,13,0,1,0,0,0,0,0,0,0
2.113619,8,12,0,0,0,0,0,0,1,0,0
1.784046,8,11,0,0,0,0,0,1,0,0,0
2.238106,11,11,0,1,0,0,0,0,0,0,0
1.920218,7,12,0,0,0,0,1,0,0,0,0
1.89726,6,12,0,0,0,1,0,0,0,0,0
2.253914,7,15,0,0,1,0,0,0,0,0,0
1.517771,8,12,0,0,0,0,0,0,1,0,0
2.41644,4,15,0,0,0,1,0,0,0,0,0
1.066488,2,14,0,0,0,0,0,1,0,0,0
1.407925,9,12,0,0,0,0,0,0,1,0,0
2.127763,8,13,0,1,0,0,0,0,0,0,0
1.596362,8,11,0,0,0,0,0,0,0,0,1
1.413946,4,11,1,0,0,0,0,0,0,0,0
1.930792,4,12,0,0,0,0,1,0,0,0,0
1.109545,2,10,0,0,0,0,0,0,1,0,0
2.282292,9,14,1,0,0,0,0,0,0,0,0
1.583854,11,12,0,0,0,0,1,0,0,0,0
2.457391,8,13,0,0,0,0,0,0,1,0,0
2.028097,8,13,1,0,0,0,0,0,0,0,0
1.579028,3,12,0,0,0,1,0,0,0,0,0
1.745894,10,12,0,0,0,0,0,1,0,0,0
2.261603,7,12,0,0,0,0,1,0,0,0,0
2.179983,3,12,0,0,0,0,0,1,0,0,0
1.558332,3,15,1,0,0,0,0,0,0,0,0
1.539889,5,11,0,0,0,0,0,0,1,0,0
1.938266,10,13,0,0,0,0,1,0,0,0,0
1.988456,8,11,0,1,0,0,0,0,0,0,0
1.949764,3,15,1,0,0,0,0,0,0,0,0
1.378009,7,11,0,0,0,0,0,1,0,0,0
1.582916,4,13,0,1,0,0,0,0,0,0,0
1.315561,3,10,0,0,0,0,0,1,0,0,0
-3.579079,6,13,1,0,0,0,0,0,0,0,0
0.880942,9,9,0,0,0,0,1,0,0,0,0
2.27977,5,12,0,0,0,0,1,0,0,0,0
1.418043,6,11,0,0,0,0,0,1,0,0,0
1.745894,9,11,0,0,0,0,0,1,0,0,0
2.20425,4,13,0,0,0,0,1,0,0,0,0
1.630321,2,11,0,0,0,0,0,0,1,0,0
1.078989,3,12,0,0,1,0,0,0,0,0,0
2.057613,5,11,0,0,0,0,0,1,0,0,0
1.53585,9,12,0,0,0,0,0,1,0,0,0
0.9317217,5,13,1,0,0,0,0,0,0,0,0
2.381883,8,14,0,0,0,0,1,0,0,0,0
1.750866,3,12,0,0,0,0,0,0,1,0,0
1.406287,8,11,0,0,0,1,0,0,0,0,0
2.313064,9,14,0,0,1,0,0,0,0,0,0
2.3254,6,12,0,0,0,0,1,0,0,0,0
1.415166,3,11,0,0,0,0,0,1,0,0,0
0.6946283,10,11,0,0,0,1,0,0,0,0,0
2.567932,7,13,0,0,0,0,1,0,0,0,0
1.813514,7,13,0,1,0,0,0,0,0,0,0
1.099071,9,12,0,0,0,0,0,1,0,0,0
1.648179,10,12,0,0,0,1,0,0,0,0,0
2.635775,7,14,0,0,0,1,0,0,0,0,0
1.213422,10,11,0,0,0,0,0,1,0,0,0
1.523016,6,14,0,0,0,0,0,0,0,0,1
1.784046,7,13,0,1,0,0,0,0,0,0,0
1.306227,9,11,0,0,0,0,0,0,1,0,0
1.101958,3,11,0,0,0,1,0,0,0,0,0
1.740914,7,12,0,0,0,1,0,0,0,0,0
1.842216,3,14,0,0,0,1,0,0,0,0,0
1.366002,10,12,0,0,0,1,0,0,0,0,0
1.498433,10,13,0,0,0,0,1,0,0,0,0
0.8500413,3,11,1,0,0,0,0,0,0,0,0
1.060369,8,8,0,0,0,0,0,0,1,0,0
1.164603,5,11,0,0,0,1,0,0,0,0,0
2.068423,8,12,0,0,0,1,0,0,0,0,0
1.43622,15,8,0,0,0,0,0,1,0,0,0
1.464857,2,13,0,0,0,0,0,0,1,0,0
1.708019,7,15,1,0,0,0,0,0,0,0,0
2.598837,8,13,0,0,1,0,0,0,0,0,0
1.437728,6,12,0,0,0,0,0,0,0,0,1
2.140417,9,12,0,0,0,0,1,0,0,0,0
0.5630944,8,11,0,1,0,0,0,0,0,0,0
2.186403,7,14,0,0,0,0,0,0,1,0,0
0.9096462,12,9,0,0,0,0,1,0,0,0,0
1.387909,4,11,0,0,0,0,0,1,0,0,0
1.810698,7,11,0,0,0,0,1,0,0,0,0
0.675588,5,10,0,0,0,0,0,1,0,0,0
1.838301,6,11,0,0,0,0,1,0,0,0,0
1.676231,1,14,0,0,0,0,1,0,0,0,0
1.824611,3,12,0,0,0,1,0,0,0,0,0
-0.7141256,7,11,0,0,1,0,0,0,0,0,0
1.11888,2,12,0,0,0,0,0,0,1,0,0
0.9346399,3,11,0,0,0,0,0,1,0,0,0
2.113619,8,13,0,0,0,0,1,0,0,0,0
2.170793,4,15,0,0,0,0,0,0,0,0,1
1.920112,7,13,0,0,0,1,0,0,0,0,0
2.498911,9,12,1,0,0,0,0,0,0,0,0
0.9807901,7,13,0,0,0,0,1,0,0,0,0
1.514313,11,12,0,0,0,0,1,0,0,0,0
2.023473,6,15,0,0,0,1,0,0,0,0,0
0.8643423,6,11,0,0,0,0,0,0,0,1,0
1.370135,11,6,0,0,0,0,0,1,0,0,0
1.056601,7,10,0,0,0,0,0,0,0,0,1
1.508182,4,11,0,0,0,0,0,0,0,0,1
1.707803,18,3,0,0,0,0,0,1,0,0,0
1.695105,4,13,0,0,0,0,0,0,0,0,1
1.550532,11,8,0,0,0,0,1,0,0,0,0
1.470518,4,11,0,0,0,0,0,1,0,0,0
1.225026,5,11,0,0,0,0,0,1,0,0,0
1.576951,11,8,0,0,0,0,1,0,0,0,0
1.584908,15,3,0,0,0,0,0,1,0,0,0
2.187727,9,11,0,0,0,0,0,1,0,0,0
1.952051,9,13,1,0,0,0,0,0,0,0,0
2.099657,7,12,0,1,0,0,0,0,0,0,0
1.134778,10,10,0,0,0,0,1,0,0,0,0
1.89726,6,12,0,0,0,1,0,0,0,0,0
1.64685,2,10,0,0,0,0,0,0,0,0,1
1.781121,5,12,0,1,0,0,0,0,0,0,0
1.233989,3,13,0,0,0,0,0,0,0,0,1
1.665117,6,15,1,0,0,0,0,0,0,0,0
1.515658,4,12,1,0,0,0,0,0,0,0,0
1.739929,7,13,0,0,0,0,1,0,0,0,0
1.570217,6,12,0,0,0,0,1,0,0,0,0
2.091792,6,12,0,1,0,0,0,0,0,0,0
1.33306,7,15,1,0,0,0,0,0,0,0,0
1.58085,5,11,0,0,0,0,1,0,0,0,0
1.905904,9,12,1,0,0,0,0,0,0,0,0
1.261333,6,12,0,0,0,0,0,0,0,0,1
1.879262,4,11,0,0,0,0,0,1,0,0,0
2.405353,9,12,1,0,0,0,0,0,0,0,0
2.933697,4,10,0,0,0,1,0,0,0,0,0
2.140562,5,12,0,0,0,1,0,0,0,0,0
1.633859,8,12,0,0,0,0,0,0,0,0,1
1.90386,6,11,0,0,0,0,1,0,0,0,0
1.807325,5,12,1,0,0,0,0,0,0,0,0
1.682546,5,14,0,0,1,0,0,0,0,0,0
1.516208,2,12,1,0,0,0,0,0,0,0,0
1.727957,13,10,0,0,0,0,0,0,0,0,1
1.694234,2,13,1,0,0,0,0,0,0,0,0
1.433213,4,14,0,0,0,0,0,0,0,0,1
2.171427,6,12,0,0,0,0,1,0,0,0,0
1.326871,3,12,0,0,0,0,0,0,0,0,1
2.026976,6,12,0,0,0,0,0,1,0,0,0
1.469597,13,6,0,0,0,0,0,0,0,0,1
1.574935,8,14,0,0,0,0,0,1,0,0,0
2.10719,3,12,0,0,0,0,1,0,0,0,0
2.498911,9,12,1,0,0,0,0,0,0,0,0
1.765962,9,10,0,0,0,0,1,0,0,0,0
1.173516,6,11,0,0,0,0,0,1,0,0,0
2.030978,9,12,0,0,1,0,0,0,0,0,0
1.116267,5,12,0,0,1,0,0,0,0,0,0
1.991969,9,12,1,0,0,0,0,0,0,0,0
0.9486405,2,10,0,0,0,0,0,0,0,1,0
2.281383,9,12,0,0,0,0,1,0,0,0,0
2.01105,6,14,0,0,0,1,0,0,0,0,0
1.791286,2,15,1,0,0,0,0,0,0,0,0
2.019397,8,12,0,1,0,0,0,0,0,0,0
1.18368,13,9,0,0,0,0,0,1,0,0,0
1.411612,3,13,0,0,0,0,0,1,0,0,0
0.7246637,3,10,0,0,0,0,1,0,0,0,0
1.944911,6,12,0,0,0,0,0,1,0,0,0
2.27829,4,12,0,0,0,0,1,0,0,0,0
1.675361,6,14,0,0,0,1,0,0,0,0,0
1.781913,9,12,0,0,0,0,1,0,0,0,0
0.7321422,2,12,0,0,0,0,0,1,0,0,0
1.831605,5,12,0,0,0,0,0,1,0,0,0
